DATE,TAVG,TMAX,TMIN,TOBS
2020-01-01,48.1111,61.7917,37.375,45.1667
2020-01-02,50.3333,65.5,37.5,54.5
2020-01-03,53.6667,67.0435,41.4348,49.6
2020-01-04,52.3333,67.3478,39.1304,45.4
2020-01-05,53.1111,68.087,38.6957,50.0
2020-01-06,55.0,70.0417,44.0,56.5
2020-01-07,53.8889,70.4783,40.3913,50.8
2020-01-08,48.1111,61.2917,36.3333,43.8333
2020-01-09,43.5556,56.4167,38.9167,42.5
2020-01-10,45.8889,61.3913,35.3043,48.2
2020-01-11,46.2222,59.25,35.375,43.5
2020-01-12,45.2222,60.1667,35.5417,46.3333
2020-01-13,46.3333,60.5,37.4583,44.1667
2020-01-14,46.8889,61.75,35.7083,45.8333
2020-01-15,48.7778,65.4167,36.9167,46.1667
2020-01-16,47.2222,61.2917,36.0417,46.1667
2020-01-17,46.3333,59.9583,39.7083,49.1667
2020-01-18,50.8889,65.875,38.5417,48.6667
2020-01-19,57.1111,71.1667,43.8333,51.3333
2020-01-20,53.1111,63.3333,47.0,50.6667
2020-01-21,47.0,57.0417,45.5417,50.3333
2020-01-22,49.0,62.4783,41.6957,48.75
2020-01-23,55.7778,70.7083,42.5417,54.8
2020-01-24,55.1111,71.1667,43.4583,54.2
2020-01-25,55.4444,71.8333,42.2917,49.6
2020-01-26,51.6667,65.3333,41.9583,50.2
2020-01-27,53.7778,70.5,41.4583,55.8
2020-01-28,55.0,70.8261,42.3043,54.6
2020-01-29,52.8889,66.4348,41.0455,51.0
2020-01-30,55.0,69.2174,41.7826,56.25
2020-01-31,59.0,73.3182,44.4545,54.0
2020-02-01,61.3333,77.1739,45.0435,52.5
2020-02-02,56.8889,72.2174,42.0,43.6667
2020-02-03,43.6667,56.8696,40.7273,52.3333
2020-02-04,39.3333,52.0,33.375,37.5
2020-02-05,42.7778,56.7083,30.1667,42.8333
2020-02-06,48.5556,63.875,34.0,46.3333
2020-02-07,53.5556,68.7083,38.0,48.0
2020-02-08,54.8889,70.4167,39.087,51.5
2020-02-09,46.0,58.625,40.4583,46.1667
2020-02-10,49.8889,62.6087,42.2609,47.0
2020-02-11,50.3333,62.9167,40.75,48.8
2020-02-12,47.5556,63.0833,34.4167,44.2
2020-02-13,50.1111,67.0833,35.9167,44.2
2020-02-14,51.2222,67.3333,38.125,47.0
2020-02-15,52.0,68.7083,37.7083,47.3333
2020-02-16,55.0,70.4167,41.4583,50.6667
2020-02-17,56.0,72.625,42.125,55.3333
2020-02-18,55.4444,72.4583,42.6522,55.0
2020-02-19,54.1111,70.7826,43.1304,52.2
2020-02-20,58.3333,74.0,43.5217,53.3333
2020-02-21,60.0,75.25,44.913,51.6667
2020-02-22,48.5556,61.1667,46.6957,51.0
2020-02-23,49.8889,63.2917,44.1739,51.6667
2020-02-24,55.0,73.5833,40.6087,54.5
2020-02-25,58.7778,74.0417,44.7917,60.0
2020-02-26,56.2222,70.9583,44.7083,48.8333
2020-02-27,59.8889,75.1304,43.1304,50.4
2020-02-28,61.8889,77.913,48.3913,55.0
2020-02-29,55.0,71.1304,43.2174,48.4
2020-03-01,46.4444,60.087,42.087,46.6
2020-03-02,48.0,61.2609,39.7391,46.6667
2020-03-03,57.8889,72.6957,46.5652,57.6667
2020-03-04,57.2222,72.6522,43.913,54.0
2020-03-05,60.5556,77.5833,44.3043,55.6667
2020-03-06,59.4444,76.0435,45.4348,54.4
2020-03-07,50.8889,66.6667,46.4783,53.0
2020-03-08,50.0,64.875,44.5833,48.6667
2020-03-09,53.4444,69.1667,41.5652,50.3333
2020-03-10,52.7778,62.9167,49.6087,50.1667
2020-03-11,56.0,66.8333,48.9167,53.3333
2020-03-12,50.0,59.6667,47.5217,52.5
2020-03-13,48.0,55.7083,44.875,47.1667
2020-03-14,49.7778,59.913,46.4348,47.0
2020-03-15,49.6667,61.0435,44.6364,47.0
2020-03-16,48.3333,60.8333,43.875,46.1667
2020-03-17,45.6667,58.0417,41.9167,47.1667
2020-03-18,41.4444,53.0417,38.5,43.3333
2020-03-19,44.1111,54.5,40.375,41.6667
2020-03-20,47.7778,59.25,41.0833,41.5
2020-03-21,50.1111,63.4583,41.7083,47.0
2020-03-22,52.2222,67.0417,43.2917,49.5
2020-03-23,50.2222,62.75,46.2083,53.1667
2020-03-24,49.7778,63.75,43.5417,47.5
2020-03-25,48.5556,62.5833,45.25,50.6667
2020-03-26,44.5556,58.1667,40.75,44.8333
2020-03-27,45.0,60.0833,38.5417,44.1667
2020-03-28,48.4444,63.7083,38.5,46.1667
2020-03-29,49.6667,64.9167,39.625,46.6667
2020-03-30,55.2222,72.0,41.3333,54.0
2020-03-31,59.1111,74.4348,47.2174,52.0
2020-04-01,60.1111,74.8261,48.6957,58.2
2020-04-02,54.8889,70.7391,50.6522,60.2
2020-04-03,54.4444,71.1304,48.6522,58.6
2020-04-04,53.3333,70.6087,47.9545,58.0
2020-04-05,51.0,65.6522,49.0,55.6
2020-04-06,49.4444,60.7391,48.2273,53.2
2020-04-07,49.5556,62.6522,48.4348,54.2
2020-04-08,44.5556,57.1739,44.1818,49.8
2020-04-09,44.5556,53.4583,41.8333,44.0
2020-04-10,45.5556,54.2609,45.0,48.6
2020-04-11,52.1111,65.2174,46.087,54.8
2020-04-12,51.1111,62.3913,49.3913,56.0
2020-04-13,51.5556,63.4167,48.0417,52.6667
2020-04-14,58.2222,74.25,46.625,58.8333
2020-04-15,60.6667,76.5833,44.6667,58.8333
2020-04-16,59.2222,75.8333,47.0833,55.8333
2020-04-17,54.2222,69.5417,47.0,53.8333
2020-04-18,51.4444,66.1739,48.3913,56.4
2020-04-19,55.4444,70.8696,49.913,60.2
2020-04-20,55.7778,70.4583,49.25,58.3333
2020-04-21,57.0,73.125,50.75,57.3333
2020-04-22,66.8889,83.9565,50.9565,70.2
2020-04-23,70.5556,88.1667,55.75,70.0
2020-04-24,74.8889,92.8333,59.2083,73.5
2020-04-25,75.2222,93.4348,60.4783,75.6
2020-04-26,73.5556,91.9565,60.0435,76.6
2020-04-27,70.0,88.9565,59.3043,80.0
2020-04-28,73.4444,93.087,59.5455,80.0
2020-04-29,72.6667,90.4167,59.5417,74.0
2020-04-30,70.1111,88.75,60.8333,73.8333
2020-05-01,67.6667,85.9167,58.0435,70.0
2020-05-02,66.3333,83.9583,55.6522,68.5
2020-05-03,66.0,83.4583,54.25,70.0
2020-05-04,69.2222,88.2083,54.9167,70.5
2020-05-05,74.5556,93.5,58.4783,75.6667
2020-05-06,76.6667,95.9583,59.625,72.5
2020-05-07,76.3333,97.125,59.7826,72.5
2020-05-08,74.7778,93.0417,60.3913,78.8333
2020-05-09,73.2222,90.4583,59.4348,74.0
2020-05-10,69.8889,88.0833,59.6087,74.0
2020-05-11,65.4444,84.25,57.0,71.8333
2020-05-12,60.3333,77.2917,54.5833,65.3333
2020-05-13,59.6667,75.9583,51.7083,62.5
2020-05-14,62.3333,78.875,52.625,67.6667
2020-05-15,64.7778,82.625,54.9583,69.0
2020-05-16,69.8889,87.4167,56.4583,69.0
2020-05-17,68.4444,85.25,57.3043,70.1667
2020-05-18,61.5556,77.7826,55.2174,62.8
2020-05-19,56.0,72.25,50.7917,58.8333
2020-05-20,60.5556,77.3333,47.7083,62.0
2020-05-21,67.0,84.875,51.75,68.6667
2020-05-22,64.2222,82.5833,52.625,66.8333
2020-05-23,63.1111,80.5417,54.25,70.6667
2020-05-24,68.1111,87.4583,54.375,74.0
2020-05-25,74.2222,92.2174,57.4783,76.8
2020-05-26,77.8889,95.2083,60.8333,78.8333
2020-05-27,78.5556,96.9167,62.5417,81.0
2020-05-28,76.7778,94.625,62.2917,78.8333
2020-05-29,71.2222,89.3333,61.2609,77.1667
2020-05-30,66.8889,85.8333,59.1667,75.6667
2020-05-31,68.5556,88.2083,57.7391,73.3333
2020-06-01,73.0,90.5833,58.2083,74.5
2020-06-02,76.4444,93.4783,65.4783,84.4
2020-06-03,81.3333,99.3043,66.8261,85.8
2020-06-04,75.2222,93.375,64.9583,80.0
2020-06-05,63.3333,80.5833,61.875,74.2
2020-06-06,60.5556,77.6957,57.6522,71.6
2020-06-07,62.4444,80.3478,55.1304,70.0
2020-06-08,66.2222,84.0417,53.0417,66.3333
2020-06-09,73.6667,90.0,55.6957,71.0
2020-06-10,77.8889,95.9167,59.0435,73.6667
2020-06-11,77.4444,96.1667,60.5217,75.1667
2020-06-12,72.4444,91.0833,58.4583,75.5
2020-06-13,66.4444,86.3478,57.4545,75.4
2020-06-14,67.8889,87.3913,56.5909,76.4
2020-06-15,71.2222,89.2917,58.2917,75.5
2020-06-16,68.4444,86.875,59.8261,76.5
2020-06-17,66.6667,84.875,59.1667,74.5
2020-06-18,67.1111,86.3478,59.6087,81.0
2020-06-19,69.2222,90.1304,60.7391,82.8
2020-06-20,70.5556,90.8261,62.8696,83.0
2020-06-21,73.4444,92.2609,63.0,82.8
2020-06-22,76.0,95.5217,63.0,84.2
2020-06-23,77.1111,96.1739,64.2609,84.8
2020-06-24,76.4444,96.1667,63.5,81.0
2020-06-25,74.7778,94.3478,64.6364,83.6
2020-06-26,76.4444,95.3333,63.5833,81.0
2020-06-27,76.2222,94.9091,65.7727,83.0
2020-06-28,68.0,86.913,63.8261,80.4
2020-06-29,64.5556,82.125,58.1667,69.6667
2020-06-30,69.1111,87.4167,57.4167,74.3333
2020-07-01,69.7778,88.2609,60.8182,80.0
2020-07-02,72.0,90.125,60.7826,77.8333
2020-07-03,77.5556,94.75,61.75,77.8333
2020-07-04,79.3333,97.3913,66.9091,86.4
2020-07-05,80.7778,101.1304,68.5217,88.8
2020-07-06,80.3333,99.5417,65.125,83.3333
2020-07-07,79.3333,97.2609,62.6957,80.4
2020-07-08,76.7778,96.0833,62.2174,77.5
2020-07-09,78.3333,97.0,60.913,76.1667
2020-07-10,83.4444,100.75,66.2609,83.8333
2020-07-11,86.8889,105.3182,73.2727,91.5
2020-07-12,87.3333,105.6364,74.1818,91.25
2020-07-13,82.5556,101.3636,72.0,90.25
2020-07-14,76.8889,96.2273,66.2727,87.25
2020-07-15,74.7778,95.6522,64.0,86.0
2020-07-16,76.1111,95.8696,63.5652,81.8333
2020-07-17,77.6667,96.3913,65.1364,81.3333
2020-07-18,79.8889,99.1364,66.0476,85.6
2020-07-19,80.2222,100.1818,67.7619,87.2
2020-07-20,78.6667,98.9545,68.0,88.8
2020-07-21,78.0,97.2174,65.3182,82.1667
2020-07-22,74.5556,93.7826,64.2273,81.1667
2020-07-23,71.5556,90.4167,61.7391,80.3333
2020-07-24,72.5556,91.0417,61.4348,78.3333
2020-07-25,75.7778,95.1304,62.1364,84.8
2020-07-26,79.1111,98.6522,65.0909,87.4
2020-07-27,77.7778,95.9583,65.3913,83.6667
2020-07-28,79.0,97.1739,64.7391,82.6
2020-07-29,81.8889,100.125,65.7083,82.8333
2020-07-30,86.7778,104.25,70.6667,86.1667
2020-07-31,89.7778,106.9583,75.3333,90.1667
2020-08-01,87.3333,104.4783,74.9565,92.0
2020-08-02,82.3333,101.1304,69.3913,86.4
2020-08-03,81.4444,100.7826,67.7826,86.8
2020-08-04,78.4444,96.6957,67.9565,86.4
2020-08-05,73.6667,93.6087,64.0,80.2
2020-08-06,71.0,90.7727,61.8636,79.25
2020-08-07,73.2222,93.3913,58.7727,79.2
2020-08-08,76.6667,96.0,62.4091,81.5
2020-08-09,77.8889,97.6087,63.8182,82.4
2020-08-10,79.1111,99.087,64.7727,83.0
2020-08-11,80.3333,99.6087,66.0455,84.6
2020-08-12,83.5556,102.3478,67.1818,86.6
2020-08-13,85.7778,103.2609,75.6818,92.8
2020-08-14,88.4444,106.5217,76.1304,91.8
2020-08-15,89.5556,108.4783,77.6087,96.6
2020-08-16,85.5556,105.1739,76.4348,92.4
2020-08-17,88.3333,105.3636,77.7727,95.75
2020-08-18,88.7778,107.3182,78.4545,94.75
2020-08-19,87.6667,106.1739,77.1364,93.2
2020-08-20,87.0,103.7917,74.7826,85.6667
2020-08-21,84.4444,100.125,74.75,84.0
2020-08-22,82.4444,97.8261,74.4348,82.8
2020-08-23,81.8889,99.4783,73.0455,88.6
2020-08-24,82.7778,101.2174,73.8636,89.8
2020-08-25,83.5556,102.8261,73.3478,92.2
2020-08-26,84.4444,103.9565,73.4348,92.0
2020-08-27,84.3333,102.2917,72.9167,88.8333
2020-08-28,82.5556,101.125,70.7083,86.3333
2020-08-29,78.8889,97.75,67.5,82.3333
2020-08-30,76.0,95.5652,65.3043,84.0
2020-08-31,76.1111,94.2174,66.8696,84.8
2020-09-01,75.6667,94.3913,66.0,84.6
2020-09-02,77.3333,95.5,64.1304,79.6667
2020-09-03,80.8889,99.0,66.375,80.5
2020-09-04,86.1111,104.1667,69.5417,83.0
2020-09-05,93.0,112.8696,75.0909,92.6
2020-09-06,93.6667,113.0,77.7727,83.75
2020-09-07,84.2222,100.7391,72.2273,96.8
2020-09-08,73.1111,89.4348,68.9545,83.0
2020-09-09,72.3333,89.2083,62.5417,69.6667
2020-09-10,71.6667,89.4348,59.4348,74.0
2020-09-11,73.2222,92.1818,59.3636,73.25
2020-09-12,73.7778,94.0435,60.5217,72.6
2020-09-13,76.1111,95.8696,61.1739,75.8
2020-09-14,79.2222,97.7391,64.4348,77.8
2020-09-15,79.4444,97.4583,64.4583,76.3333
2020-09-16,80.2222,99.2083,65.3333,76.6667
2020-09-17,81.7778,100.9583,66.125,79.3333
2020-09-18,83.3333,100.7083,68.2083,79.1667
2020-09-19,79.3333,97.8696,66.9565,81.6
2020-09-20,77.6667,96.0435,64.8636,80.8
2020-09-21,77.2222,95.2609,65.4348,81.2
2020-09-22,75.7778,95.0,63.0455,80.6
2020-09-23,75.6667,94.3333,62.4167,74.3333
2020-09-24,76.3333,95.6667,62.9167,74.6667
2020-09-25,74.1111,93.2917,61.0417,73.8333
2020-09-26,73.4444,93.3478,60.2174,78.0
2020-09-27,75.4444,94.7826,61.913,78.2
2020-09-28,80.1111,99.2174,64.3478,82.0
2020-09-29,81.1111,101.087,65.4783,82.2
2020-09-30,82.2222,102.8261,65.1739,78.0
2020-10-01,82.0,101.875,63.7917,78.0
2020-10-02,81.3333,101.5,62.7917,75.8333
2020-10-03,79.3333,100.3478,62.1739,80.0
2020-10-04,77.8889,98.3913,61.1304,78.4
2020-10-05,76.7778,97.3043,63.087,76.2
2020-10-06,74.4444,93.5833,60.375,69.8333
2020-10-07,73.4444,92.5417,58.75,69.8333
2020-10-08,66.0,84.7391,57.5652,68.8
2020-10-09,63.8889,83.2917,57.2083,67.0
2020-10-10,65.0,82.7083,58.25,67.8333
2020-10-11,67.2222,85.5,56.2083,66.1667
2020-10-12,75.7778,95.0,58.6667,71.3333
2020-10-13,77.4444,96.375,60.5417,69.5
2020-10-14,77.8889,96.8333,59.875,69.8333
2020-10-15,79.1111,97.0417,60.4167,72.3333
2020-10-16,79.7778,96.4167,63.7083,81.0
2020-10-17,75.5556,93.2917,59.5,72.3333
2020-10-18,71.8889,90.8333,58.0833,72.0
2020-10-19,69.8889,89.4167,56.5833,69.3333
2020-10-20,69.4444,89.5833,56.5833,69.6667
2020-10-21,67.7778,87.2174,56.087,71.2
2020-10-22,64.1111,81.75,55.2083,65.5
2020-10-23,62.3333,80.0417,54.5833,62.0
2020-10-24,62.2222,77.0417,56.5,67.0
2020-10-25,56.7778,69.4783,55.087,61.2
2020-10-26,52.2222,66.1667,47.0833,51.8333
2020-10-27,57.5556,72.0833,46.0833,56.6667
2020-10-28,59.6667,75.6667,43.7083,54.0
2020-10-29,65.1111,81.3333,47.25,56.8333
2020-10-30,65.6667,83.4583,49.25,59.3333
2020-10-31,68.4444,85.5833,50.3333,62.1667
2020-11-01,70.6667,87.0,55.2083,65.6667
2020-11-02,69.2222,86.125,55.4583,65.6667
2020-11-03,66.0,84.2609,53.8261,66.8
2020-11-04,70.8889,90.2609,52.3913,64.0
2020-11-05,73.4444,89.9167,57.9167,70.6667
2020-11-06,65.1111,80.4583,53.0417,66.8
2020-11-07,45.7778,59.9167,44.0833,48.0
2020-11-08,44.0,54.6667,40.0,44.5
2020-11-09,43.5556,58.2083,34.9167,41.1667
2020-11-10,46.5556,62.7083,35.2083,44.8333
2020-11-11,50.4444,66.375,37.2083,46.8333
2020-11-12,52.4444,69.0833,39.25,47.8333
2020-11-13,52.5556,68.3333,40.0417,48.8333
2020-11-14,56.3333,73.875,42.8333,57.0
2020-11-15,63.2222,79.8333,45.875,55.1667
2020-11-16,67.1111,83.9583,50.25,58.8333
2020-11-17,64.3333,80.4583,49.2917,59.1667
2020-11-18,59.0,75.1739,46.7391,59.2
2020-11-19,57.2222,75.0833,46.625,60.3333
2020-11-20,61.1111,78.6667,47.375,57.3333
2020-11-21,61.6667,78.6667,49.0,58.6667
2020-11-22,59.2222,75.875,47.8333,57.0
2020-11-23,52.8889,68.8333,42.3333,54.0
2020-11-24,52.7778,70.25,43.0,56.8333
2020-11-25,52.2222,66.4783,39.8333,47.1667
2020-11-26,50.1111,65.0435,40.087,51.6
2020-11-27,49.5556,64.8696,41.5455,50.4
2020-11-28,51.3333,68.3333,37.9167,47.0
2020-11-29,53.6667,73.25,37.5417,48.3333
2020-11-30,56.4444,74.2917,41.5417,50.6667
2020-12-01,57.8889,76.4783,40.5652,52.4
2020-12-02,57.1111,72.2917,42.5,53.5
2020-12-03,50.8889,65.7083,43.125,51.3333
2020-12-04,52.0,68.1667,36.75,47.3333
2020-12-05,51.8889,69.9167,36.0833,47.8333
2020-12-06,55.5556,72.4783,37.4783,45.4
2020-12-07,58.3333,69.2083,44.1667,49.8333
2020-12-08,60.3333,71.9167,51.75,58.1667
2020-12-09,55.5556,72.7826,43.0,54.8
2020-12-10,49.2222,64.5833,39.0833,47.6667
2020-12-11,46.2222,60.875,38.9167,44.5
2020-12-12,47.2222,58.6522,39.913,46.2
2020-12-13,49.3333,64.6522,40.2609,48.8
2020-12-14,47.8889,61.2083,38.75,44.8333
2020-12-15,47.8889,62.5,37.0833,47.8333
2020-12-16,50.8889,66.875,37.25,46.0
2020-12-17,48.6667,61.5652,38.2609,45.0
2020-12-18,48.6667,64.0833,36.8333,50.8333
2020-12-19,51.4444,68.7727,38.6364,56.25
2020-12-20,58.6667,75.3043,41.2174,53.8
2020-12-21,59.2222,75.625,42.5833,50.0
2020-12-22,55.1111,70.6522,41.3043,50.4
2020-12-23,52.3333,67.4167,40.625,53.3333
2020-12-24,49.8889,61.0,44.5652,48.8
2020-12-25,53.1111,68.3913,41.0435,50.8
2020-12-26,52.8889,68.5217,39.3913,49.25
2020-12-27,48.1111,63.087,40.1304,52.5
2020-12-28,40.8889,53.5217,38.8261,53.75
2020-12-29,43.7778,56.5833,36.1667,44.4
2020-12-30,48.6667,62.25,36.4583,46.6
2020-12-31,47.7778,59.4348,35.913,44.5
2021-01-01,49.3333,63.8261,41.087,52.4
2021-01-02,48.7778,62.6522,37.8261,44.4
2021-01-03,47.6667,63.4783,38.3478,45.2
2021-01-04,51.1111,65.7083,38.4583,46.5
2021-01-05,53.4444,69.0417,38.375,46.5
2021-01-06,55.4444,70.4167,41.6667,48.3333
2021-01-07,55.0,69.625,40.2083,46.3333
2021-01-08,54.0,69.9583,40.125,47.5
2021-01-09,53.6667,68.1304,40.1304,54.6
2021-01-10,51.2222,66.0435,41.1739,53.0
2021-01-11,52.3333,67.2083,39.4583,48.8333
2021-01-12,51.4444,66.375,37.3333,42.1667
2021-01-13,57.6667,71.4583,40.4167,50.8333
2021-01-14,66.4444,79.2083,47.0833,62.8333
2021-01-15,68.0,81.7826,54.3043,65.4
2021-01-16,66.6667,83.0,49.6818,65.75
2021-01-17,63.1111,80.087,50.6087,63.4
2021-01-18,60.0,75.875,44.7917,48.0
2021-01-19,50.2222,61.913,44.9565,47.4
2021-01-20,52.5556,62.3913,49.0435,48.4
2021-01-21,54.2222,64.8636,46.6364,51.5
2021-01-22,48.2222,60.0455,42.4545,44.6667
2021-01-23,41.2222,52.9048,39.8095,44.8
2021-01-24,41.5556,53.3182,39.4091,44.6
2021-01-25,37.2222,48.1667,35.375,39.0
2021-01-26,39.0,49.75,30.8333,34.3333
2021-01-27,43.1111,55.1667,34.125,39.8333
2021-01-28,48.8889,60.5,38.1364,40.75
2021-01-29,41.6667,50.9091,38.8182,37.75
2021-01-30,45.125,60.6818,35.3636,43.8
2021-01-31,51.75,66.1429,39.5714,48.25
2021-02-01,57.125,65.5,50.4545,54.2
2021-02-02,59.875,71.3043,49.6522,55.8333
2021-02-03,55.625,70.3478,45.3913,54.6667
2021-02-04,51.125,66.9565,42.5652,53.6667
2021-02-05,54.25,69.7391,41.1739,54.6667
2021-02-06,57.75,75.3636,43.3636,61.0
2021-02-07,56.5,73.9545,41.8636,53.8
2021-02-08,54.875,69.8261,40.7826,48.0
2021-02-09,48.75,63.087,41.8261,48.6667
2021-02-10,49.6667,65.2917,43.2917,53.8333
2021-02-11,54.0,70.875,40.875,48.6667
2021-02-12,49.8889,64.6957,46.3913,52.4
2021-02-13,48.2222,62.1304,43.3043,51.4
2021-02-14,47.7778,63.3478,41.9565,53.2
2021-02-15,47.4444,61.3043,40.1739,49.6
2021-02-16,49.3333,63.3333,41.5833,51.3333
2021-02-17,48.2222,62.875,38.5833,49.3333
2021-02-18,48.6667,62.5,40.1667,47.6667
2021-02-19,53.0,67.375,36.7917,47.8333
2021-02-20,50.8889,66.5217,38.4783,50.8333
2021-02-21,52.8889,67.4348,41.7391,52.0
2021-02-22,56.7778,72.7917,43.5417,53.8333
2021-02-23,57.7778,76.2083,41.7917,52.3333
2021-02-24,57.2222,74.5417,42.4167,49.8
2021-02-25,50.4444,67.4783,42.0435,53.4
2021-02-26,54.5556,71.7273,38.1364,54.5
2021-02-27,52.4444,69.0909,39.3636,58.0
2021-02-28,49.5556,63.6818,43.1364,52.5
2021-03-01,51.5556,67.6957,38.6522,49.0
2021-03-02,54.7778,72.3913,39.6957,44.0
2021-03-03,44.6667,59.9565,37.6522,48.6
2021-03-04,49.8889,65.875,37.7083,47.0
2021-03-05,57.6667,75.5,41.4167,52.5
2021-03-06,54.1111,72.375,41.875,54.3333
2021-03-07,52.1111,69.5,43.2083,54.3333
2021-03-08,51.4444,67.125,46.3333,52.3333
2021-03-09,47.1111,62.7826,42.8261,51.0
2021-03-10,41.8889,55.6087,40.5217,47.0
2021-03-11,40.7778,53.7917,37.3333,41.6667
2021-03-12,39.2222,53.6667,33.625,39.8333
2021-03-13,44.6667,58.2083,38.125,46.5
2021-03-14,47.7778,61.1667,40.3333,46.4
2021-03-15,43.5556,57.4167,39.5,48.5
2021-03-16,43.2222,60.2174,35.0435,48.0
2021-03-17,49.8889,65.5,35.2083,45.6667
2021-03-18,54.6667,70.8333,39.0,49.0
2021-03-19,57.5556,74.9167,42.8261,52.0
2021-03-20,53.8889,69.7917,46.625,57.3333
2021-03-21,49.8889,66.1667,41.5417,51.6667
2021-03-22,51.8889,68.7826,41.2273,58.75
2021-03-23,48.8889,66.0,44.8261,56.5
2021-03-24,52.1111,69.2609,44.4348,51.6667
2021-03-25,46.0,59.125,42.4167,48.8333
2021-03-26,48.3333,65.5833,41.125,49.5
2021-03-27,57.1111,73.875,40.7083,57.0
2021-03-28,64.1111,81.8333,45.0833,57.0
2021-03-29,64.2222,82.2083,46.1667,57.1667
2021-03-30,62.0,80.1364,47.6818,73.0
2021-03-31,64.8889,81.3182,53.9545,70.25
2021-04-01,66.7778,83.1304,50.6957,63.6
2021-04-02,64.6667,82.7083,50.3913,67.3333
2021-04-03,65.8889,85.625,50.9167,66.6
2021-04-04,67.6667,86.5417,52.625,62.6
2021-04-05,63.6667,82.087,52.3043,70.6
2021-04-06,60.8889,79.9545,50.7273,74.25
2021-04-07,65.3333,84.8182,51.5,72.6667
2021-04-08,64.4444,82.2917,53.8333,68.1667
2021-04-09,64.8889,84.25,50.625,67.3333
2021-04-10,64.2222,83.75,53.0833,64.8
2021-04-11,63.0,81.9583,51.625,59.2
2021-04-12,59.7778,78.913,51.7826,64.0
2021-04-13,54.5556,70.8261,52.1739,65.25
2021-04-14,52.6667,69.7826,47.3478,59.0
2021-04-15,54.0,72.8182,44.5,66.5
2021-04-16,58.2222,75.625,45.625,60.0
2021-04-17,60.7778,78.4583,48.2083,64.1667
2021-04-18,65.2222,81.6087,53.4545,70.6
2021-04-19,67.6667,84.875,49.625,57.4
2021-04-20,63.3333,82.2174,50.087,63.0
2021-04-21,53.4444,69.5217,51.3043,62.2
2021-04-22,53.4444,68.4348,50.0435,60.4
2021-04-23,56.8889,72.2917,50.0833,57.6667
2021-04-24,58.8889,75.6667,50.3333,63.5
2021-04-25,58.1111,74.2174,52.0435,64.6667
2021-04-26,49.3333,64.4167,47.8333,53.5
2021-04-27,49.5556,65.3913,45.5652,56.6
2021-04-28,62.4444,81.4783,45.8636,69.0
2021-04-29,72.2222,91.9565,52.7391,82.75
2021-04-30,76.2222,94.4167,56.913,61.5
2021-05-01,68.6667,88.6522,55.2174,68.0
2021-05-02,58.1111,75.625,53.375,62.4
2021-05-03,65.3333,83.5417,52.5417,71.0
2021-05-04,70.6667,89.1818,53.3182,75.25
2021-05-05,72.4444,91.3478,56.3478,75.8
2021-05-06,67.4444,86.913,55.5217,75.6
2021-05-07,64.0,83.6522,55.2174,73.2
2021-05-08,64.2222,83.6522,54.7391,74.2
2021-05-09,64.1111,82.2917,54.4583,74.3333
2021-05-10,61.7778,80.375,54.2083,68.8333
2021-05-11,66.2222,85.7083,53.875,72.1667
2021-05-12,69.1111,87.6667,55.7083,75.1667
2021-05-13,68.6667,85.875,55.7917,74.1667
2021-05-14,65.6667,85.3043,55.0,70.4
2021-05-15,61.2222,79.375,54.875,64.5
2021-05-16,55.5556,70.2917,53.1667,60.6667
2021-05-17,59.0,75.5652,54.0435,71.2
2021-05-18,66.3333,83.3478,56.6522,74.6
2021-05-19,65.4444,84.9167,56.6667,72.6
2021-05-20,60.0,78.375,55.75,68.75
2021-05-21,53.6667,70.6957,48.0435,55.4
2021-05-22,53.8889,70.2083,44.5,57.5
2021-05-23,60.5556,76.7917,46.375,60.6667
2021-05-24,70.5556,88.2083,51.9583,73.1667
2021-05-25,73.6667,89.7083,57.0417,75.5
2021-05-26,70.3333,86.5417,59.4167,75.3333
2021-05-27,66.375,85.2609,54.2609,74.8333
2021-05-28,68.125,87.0435,55.3478,73.5
2021-05-29,65.75,85.2727,56.8636,77.5
2021-05-30,68.25,87.2609,56.4348,74.1667
2021-05-31,73.0,89.6957,58.0435,75.8333
2021-06-01,77.125,93.5652,60.7826,79.6667
2021-06-02,78.25,94.3478,62.3478,81.6667
2021-06-03,77.0,94.5217,62.0435,83.3333
2021-06-04,77.0,94.5217,61.7826,79.5
2021-06-05,74.0,93.0435,61.5217,79.8
2021-06-06,68.125,87.2174,59.2174,74.75
2021-06-07,63.5,80.087,57.9545,75.5
2021-06-08,64.375,82.913,54.7391,71.5
2021-06-09,67.25,85.3913,57.6087,75.1667
2021-06-10,64.625,84.1304,53.9565,72.0
2021-06-11,71.375,90.4783,56.5217,76.8333
2021-06-12,76.75,96.1304,60.2174,80.3333
2021-06-13,78.625,98.3478,62.6957,83.0
2021-06-14,83.25,101.4348,64.6087,87.0
2021-06-15,88.125,105.9565,70.0435,83.8
2021-06-16,86.5,103.087,72.8696,91.3333
2021-06-17,86.5,104.0435,71.3478,92.1667
2021-06-18,84.625,102.2174,73.0,87.0
2021-06-19,84.125,101.8261,72.6087,92.5
2021-06-20,82.125,99.4348,70.2609,90.8333
2021-06-21,80.125,98.6818,67.6818,81.5
2021-06-22,78.625,95.5455,68.5909,87.6
2021-06-23,74.5556,92.1304,69.3043,85.6
2021-06-24,73.5556,92.3043,65.0,83.6
2021-06-25,75.4444,92.5833,61.8333,81.3333
2021-06-26,80.5556,98.0,64.875,86.1667
2021-06-27,86.0,103.3333,69.9583,86.0
2021-06-28,84.5556,103.3333,71.8333,89.2
2021-06-29,79.3333,95.2083,70.375,86.8333
2021-06-30,79.5556,95.7917,69.4167,84.3333
2021-07-01,81.4444,98.5833,68.375,84.1667
2021-07-02,82.6667,98.3333,69.0833,84.3333
2021-07-03,82.2222,97.9583,72.0833,85.5
2021-07-04,80.1111,95.6667,69.375,84.5
2021-07-05,80.4444,97.4583,68.0417,85.5
2021-07-06,80.6667,99.0833,66.6667,86.8333
2021-07-07,83.5556,99.8333,70.1667,89.5
2021-07-08,84.8889,100.8333,72.4348,88.5
2021-07-09,85.6667,101.3333,74.7083,90.5
2021-07-10,85.2222,102.125,74.7917,91.3333
2021-07-11,83.3333,101.2917,74.1667,88.6
2021-07-12,81.8889,98.375,73.5,90.0
2021-07-13,83.1111,98.5417,72.75,87.8333
2021-07-14,82.3333,97.125,73.3333,87.1667
2021-07-15,80.5556,96.875,71.4167,86.5
2021-07-16,80.0,97.0833,69.4583,84.6667
2021-07-17,80.8889,97.375,70.125,84.5
2021-07-18,82.5556,97.9167,73.7083,85.1667
2021-07-19,83.1111,98.5,73.1667,86.0
2021-07-20,83.3333,98.4583,72.0,87.0
2021-07-21,85.6667,100.0,75.5909,87.8333
2021-07-22,84.8571,97.75,75.65,85.8333
2021-07-23,80.5556,96.2609,72.1304,80.4
2021-07-24,76.3333,90.9583,69.625,79.8333
2021-07-25,74.6667,90.4167,69.375,79.3333
2021-07-26,73.4444,89.1304,68.3043,81.8
2021-07-27,80.8889,95.5417,68.75,83.8333
2021-07-28,82.1111,97.125,71.2917,83.8333
2021-07-29,83.1111,100.0417,70.7917,84.0
2021-07-30,79.7778,97.5833,71.7083,81.3333
2021-07-31,81.3333,96.7083,69.6087,79.3333
2021-08-01,82.4444,98.5833,70.0833,82.6667
2021-08-02,85.3333,102.5,71.0833,88.6
2021-08-03,86.6667,105.0435,72.7391,93.6
2021-08-04,87.3333,104.75,72.4167,86.8
2021-08-05,85.4444,102.375,73.1667,90.5
2021-08-06,81.2222,98.0,69.4583,84.8333
2021-08-07,79.2222,98.0,65.6667,84.5
2021-08-08,79.5556,97.4167,66.0417,82.5
2021-08-09,79.6667,97.0,67.75,84.1667
2021-08-10,81.8889,96.625,68.8333,81.0
2021-08-11,80.0,94.0,71.1667,79.5
2021-08-12,80.0,95.625,69.7083,82.5
2021-08-13,79.3333,95.2917,69.9583,78.6
2021-08-14,78.8889,94.6667,70.2083,82.3333
2021-08-15,82.6667,97.875,70.5,83.3333
2021-08-16,82.2222,97.087,71.4348,86.25
2021-08-17,77.4444,92.5652,70.1304,78.5
2021-08-18,70.0,84.9167,66.875,80.2
2021-08-19,69.6667,86.9167,62.8333,76.1667
2021-08-20,70.7778,87.7917,62.7917,74.1667
2021-08-21,68.6667,84.25,63.5833,75.6667
2021-08-22,69.6667,86.8333,61.875,72.0
2021-08-23,72.2222,90.1667,61.5,77.5
2021-08-24,77.3333,94.5417,62.6667,78.8333
2021-08-25,82.4444,99.087,67.9565,85.6
2021-08-26,84.6667,102.7917,71.2917,87.3333
2021-08-27,86.2222,104.5909,71.2727,86.3333
2021-08-28,84.5556,101.9583,70.3478,83.5
2021-08-29,85.0,100.5833,72.3478,81.5
2021-08-30,79.5556,96.0435,70.7391,82.6
2021-08-31,72.6667,89.7826,67.7391,80.3333
2021-09-01,69.0,85.5417,63.7917,77.0
2021-09-02,72.1111,88.9167,63.7083,78.0
2021-09-03,77.3333,94.25,63.0417,78.8333
2021-09-04,80.8889,98.9583,65.6667,80.6667
2021-09-05,84.2222,101.875,67.5,74.4
2021-09-06,81.3333,98.0417,68.7917,78.6
2021-09-07,80.6667,97.8261,70.4783,84.25
2021-09-08,82.2222,98.6957,70.7826,88.0
2021-09-09,84.3333,100.4783,73.913,81.25
2021-09-10,82.1111,98.9565,73.3913,84.4
2021-09-11,82.5556,99.5652,71.4783,87.0
2021-09-12,83.1111,100.3043,70.8696,84.2
2021-09-13,82.4444,100.9565,69.9565,78.0
2021-09-14,77.5556,97.0455,64.7273,83.5
2021-09-15,74.2222,94.5,61.2727,81.0
2021-09-16,70.7778,91.1818,58.7727,78.5
2021-09-17,71.7778,90.2174,61.8696,81.8
2021-09-18,72.1111,90.3043,63.5652,80.4
2021-09-19,69.8889,89.5217,59.5217,78.2
2021-09-20,74.2222,93.1304,60.1739,79.8
2021-09-21,79.7778,98.5652,64.6087,80.6
2021-09-22,80.3333,98.8696,65.9565,72.0
2021-09-23,76.8889,93.4348,67.0435,75.25
2021-09-24,72.2222,89.2609,64.6087,76.8
2021-09-25,70.7778,86.7826,63.3478,75.8
2021-09-26,66.3333,82.8261,61.8696,74.4
2021-09-27,65.3333,80.3043,61.7826,76.0
2021-09-28,64.2222,80.5652,60.3478,73.6
2021-09-29,64.3333,82.1739,58.5217,72.8
2021-09-30,70.8889,88.3478,57.2609,78.2
2021-10-01,71.4444,89.8261,56.6522,73.0
2021-10-02,73.2222,91.8261,57.8696,71.2
2021-10-03,74.3333,93.3043,59.6087,73.25
2021-10-04,73.0,91.3913,60.1739,73.5
2021-10-05,65.3333,82.0,60.1739,73.75
2021-10-06,63.2222,79.2727,57.8636,69.3333
2021-10-07,62.1111,75.2609,60.6957,75.0
2021-10-08,58.6667,71.6957,58.0,66.6
2021-10-09,58.4444,74.6087,53.1739,64.6
2021-10-10,63.8889,81.8696,52.087,73.75
2021-10-11,56.7778,73.2174,49.913,58.0
2021-10-12,51.5556,69.4783,45.4545,58.0
2021-10-13,55.4444,73.5,43.2917,56.6667
2021-10-14,61.1111,77.5217,44.6087,58.2
2021-10-15,66.1111,81.9565,53.5217,68.8
2021-10-16,66.7778,85.6957,52.6087,62.6667
2021-10-17,62.2222,79.5,48.9583,54.25
2021-10-18,52.2222,65.6087,47.2174,56.25
2021-10-19,53.2222,72.75,42.5833,57.3333
2021-10-20,58.5556,76.75,44.5,62.4
2021-10-21,63.5556,83.0,49.0435,65.6667
2021-10-22,61.0,77.9167,48.4167,54.75
2021-10-23,57.5556,72.5833,51.5,61.0
2021-10-24,59.6667,75.375,52.125,57.0
2021-10-25,53.5556,68.25,50.8333,58.8333
2021-10-26,54.1111,69.2917,46.5,59.5
2021-10-27,65.2222,80.1667,48.5,64.6667
2021-10-28,70.8889,86.8261,57.913,77.6
2021-10-29,68.4444,85.75,56.0833,61.5
2021-10-30,64.3333,80.4583,51.5833,63.1667
2021-10-31,60.0,76.1667,51.4583,55.4
2021-11-01,59.0,73.125,50.2083,60.6667
2021-11-02,59.6667,76.5,50.0833,62.3333
2021-11-03,65.5556,84.1304,52.3043,70.4
2021-11-04,66.7778,83.3333,52.1667,64.5
2021-11-05,66.8889,84.3333,52.8333,64.0
2021-11-06,64.2222,79.7391,51.6522,66.0
2021-11-07,60.5556,77.625,49.9167,64.0
2021-11-08,58.7778,76.0,48.2273,58.75
2021-11-09,57.5556,73.6667,48.9583,60.1667
2021-11-10,62.1111,79.7083,49.2917,66.0
2021-11-11,70.0,85.087,57.2609,74.6
2021-11-12,71.75,85.5652,60.2609,73.1667
2021-11-13,68.5,86.0435,54.0435,64.0
2021-11-14,68.375,86.5217,52.913,65.0
2021-11-15,66.375,85.2727,51.7273,64.4
2021-11-16,60.375,76.8696,48.6957,60.5
2021-11-17,59.125,75.2609,48.3913,60.6667
2021-11-18,60.25,75.6522,46.8261,58.1667
2021-11-19,58.5,74.0,46.4783,57.6667
2021-11-20,58.1429,73.6364,44.7273,55.6667
2021-11-21,62.0,76.0455,52.7273,64.0
2021-11-22,62.1429,79.05,52.6,64.0
2021-11-23,57.7143,73.3333,48.6667,59.2
2021-11-24,53.8571,70.619,44.1905,56.2
2021-11-25,53.8571,67.3333,47.5238,52.8
2021-11-26,56.4286,73.3333,42.9524,57.4
2021-11-27,58.5714,75.5238,42.2857,55.0
2021-11-28,62.5714,79.0,44.8571,57.6
2021-11-29,64.0,81.2857,48.0476,59.0
2021-11-30,65.2857,81.5714,47.5238,63.6
2021-12-01,64.7143,81.4091,49.1818,64.8333
2021-12-02,59.4286,76.5909,46.1364,57.6667
2021-12-03,55.1429,72.6818,44.7727,54.6667
2021-12-04,53.5714,70.4545,43.8636,52.5
2021-12-05,58.0,74.2857,42.0476,55.75
2021-12-06,59.1429,74.8182,44.5455,58.25
2021-12-07,49.0,62.3636,45.5909,51.2
2021-12-08,50.4286,65.0,42.2727,47.2
2021-12-09,45.5714,56.8182,43.3182,47.3333
2021-12-10,42.7143,56.0909,39.1818,47.5
2021-12-11,45.0,60.5909,34.6364,42.6667
2021-12-12,46.7143,62.2273,33.5,43.6667
2021-12-13,45.875,56.6364,37.0455,42.6
2021-12-14,44.5,56.4783,38.2609,45.5
2021-12-15,39.25,53.8261,32.2174,41.8333
2021-12-16,42.0,55.6522,31.6522,39.3333
2021-12-17,46.5,61.0,36.6522,48.1667
2021-12-18,48.375,63.9091,36.0,43.2
2021-12-19,48.875,64.6522,34.7826,40.6667
2021-12-20,49.875,66.2273,34.0455,44.0
2021-12-21,52.25,65.3043,43.087,51.5
2021-12-22,55.0,66.1667,42.7083,49.8333
2021-12-23,50.5556,59.0,46.8261,49.2
2021-12-24,48.0,57.9091,44.7727,50.5
2021-12-25,43.8889,55.5217,40.4348,47.0
2021-12-26,43.8889,55.2083,39.9167,50.4
2021-12-27,40.6667,51.5417,36.1667,41.4
2021-12-28,40.1111,49.125,37.625,39.6667
2021-12-29,42.4444,51.5417,35.7917,38.4
2021-12-30,46.3333,56.1364,41.9091,47.3333
2021-12-31,46.7778,57.25,41.5417,46.6
2022-01-01,43.4444,56.75,37.0417,44.8
2022-01-02,42.7778,57.75,33.25,41.2
2022-01-03,46.4444,61.25,31.8333,40.4
2022-01-04,47.8889,61.7083,34.0833,46.0
2022-01-05,53.3333,68.0417,37.6667,49.1667
2022-01-06,57.5556,71.7917,41.4167,46.8
2022-01-07,53.2222,66.75,40.1667,46.6
2022-01-08,49.7778,64.1304,41.6957,47.0
2022-01-09,53.6667,69.6957,42.5652,54.25
2022-01-10,52.8889,67.1364,45.6818,49.3333
2022-01-11,56.5556,71.6364,46.3636,55.3333
2022-01-12,57.4444,71.0833,42.5417,49.0
2022-01-13,58.1111,68.625,45.125,47.8
2022-01-14,59.7778,73.125,48.5833,52.0
2022-01-15,55.8889,66.7391,51.0,56.5
2022-01-16,55.4444,68.5833,45.9583,45.75
2022-01-17,52.3333,63.4167,45.6667,42.8
2022-01-18,51.0,62.7273,47.8636,45.3333
2022-01-19,51.2222,67.2174,44.5652,55.4
2022-01-20,54.8889,69.8333,43.2917,53.2
2022-01-21,52.7778,67.2174,39.4783,41.5
2022-01-22,52.4444,63.087,46.4783,44.5
2022-01-23,54.7778,67.625,45.25,51.4
2022-01-24,53.5556,69.3478,41.4348,57.6
2022-01-25,52.4444,69.0435,39.1304,43.75
2022-01-26,50.6667,65.1739,39.2174,49.2
2022-01-27,52.1111,67.0,36.5833,46.0
2022-01-28,51.6667,65.0417,43.25,52.5
2022-01-29,50.7778,62.4583,39.5,47.6667
2022-01-30,51.6667,69.0,38.7917,49.6
2022-01-31,50.0,64.4583,37.2917,45.8
2022-02-01,47.0,60.5,41.375,48.0
2022-02-02,44.4444,57.2174,38.7826,44.0
2022-02-03,46.6667,59.125,37.1667,45.3333
2022-02-04,48.3333,60.7917,38.875,47.6667
2022-02-05,51.5556,66.0,36.125,45.1667
2022-02-06,58.2222,71.5,41.9583,56.3333
2022-02-07,56.8889,71.5833,44.625,57.5
2022-02-08,59.7778,76.0435,43.2609,58.0
2022-02-09,65.0,79.8261,51.6957,67.8
2022-02-10,65.0,78.0,53.875,64.3333
2022-02-11,66.0,81.375,49.8333,67.6
2022-02-12,65.5556,81.4167,50.5833,65.2
2022-02-13,62.3333,80.0417,45.2917,58.8
2022-02-14,59.4444,77.375,41.9583,53.5
2022-02-15,45.7778,62.087,39.6957,55.5
2022-02-16,45.4444,62.7826,37.5217,54.5
2022-02-17,50.1111,65.8696,40.4348,58.5
2022-02-18,52.8889,70.375,38.0417,55.4
2022-02-19,56.6667,73.9583,41.3333,54.8
2022-02-20,53.6667,70.75,39.875,45.6667
2022-02-21,46.8889,60.7391,45.0,59.6667
2022-02-22,42.6667,56.2609,40.4348,41.3333
2022-02-23,36.3333,50.0435,34.5652,43.0
2022-02-24,39.2222,55.6087,29.913,45.5
2022-02-25,44.2222,61.0,30.3913,47.0
2022-02-26,48.6667,64.3913,34.6957,47.25
2022-02-27,53.0,69.2917,36.0833,50.8
2022-02-28,61.5556,77.2174,46.5652,64.25
2022-03-01,63.6667,83.8636,47.7273,68.0
2022-03-02,64.4444,83.3043,47.4348,58.0
2022-03-03,58.3333,74.7391,45.8696,57.5
2022-03-04,48.0,61.9565,46.0435,48.6667
2022-03-05,43.1111,56.625,40.6667,38.0
2022-03-06,44.4444,59.2083,34.75,38.75
2022-03-07,47.6667,63.9565,37.087,47.6667
2022-03-08,50.5556,66.2174,39.1304,51.6667
2022-03-09,51.2222,67.913,38.3478,49.0
2022-03-10,50.4444,67.0909,43.6818,49.5
2022-03-11,52.5556,69.087,41.8696,53.3333
2022-03-12,56.2222,72.8333,39.7917,48.0
2022-03-13,55.6667,72.0833,40.7917,51.0
2022-03-14,60.0,80.1739,44.4348,59.25
2022-03-15,62.3333,80.6087,47.3478,55.75
2022-03-16,58.7778,76.7391,50.087,63.75
2022-03-17,62.4444,79.3913,51.087,64.0
2022-03-18,60.8889,79.5217,47.7391,61.0
2022-03-19,57.2222,73.5417,48.1667,52.8
2022-03-20,52.8889,70.087,49.3913,53.75
2022-03-21,58.8889,75.7083,45.6667,55.6
2022-03-22,66.1111,82.3478,52.8696,64.75
2022-03-23,66.4444,82.7391,54.4348,66.5
2022-03-24,68.0,85.6522,51.3913,62.6667
2022-03-25,70.0,87.8333,53.2917,62.0
2022-03-26,66.8889,85.2917,52.0833,55.75
2022-03-27,60.7778,79.3333,50.625,57.25
2022-03-28,52.2222,67.7826,51.2609,67.0
2022-03-29,50.7778,65.6957,46.913,52.3333
2022-03-30,56.5556,73.8261,47.8696,56.75
2022-03-31,54.7778,70.4348,51.3043,56.25
2022-04-01,58.5556,75.3333,49.9167,56.6
2022-04-02,57.4444,72.5417,49.9167,53.5
2022-04-03,55.1111,68.25,52.0,55.2
2022-04-04,62.0,80.2174,51.1739,66.0
2022-04-05,67.1111,84.4348,54.1304,66.25
2022-04-06,73.7778,90.913,57.6087,76.25
2022-04-07,75.1111,90.7391,63.7391,75.75
2022-04-08,75.5556,94.0,61.5217,74.3333
2022-04-09,69.3333,88.0417,54.375,61.5
2022-04-10,60.2222,77.5417,55.125,67.0
2022-04-11,54.7778,71.1739,52.087,60.0
2022-04-12,50.3333,68.3478,45.9565,52.75
2022-04-13,52.8889,70.4783,40.4348,49.75
2022-04-14,56.2222,74.3913,43.5652,56.5
2022-04-15,58.2222,76.7391,47.087,57.75
2022-04-16,57.2222,73.7083,49.5833,57.25
2022-04-17,62.7778,81.6667,50.125,58.8
2022-04-18,66.5556,86.5217,52.3478,60.6667
2022-04-19,63.4444,81.8261,56.0,68.25
2022-04-20,57.5556,76.2174,52.4783,61.5
2022-04-21,57.7778,76.0435,49.6087,62.3333
2022-04-22,51.2222,66.1304,49.2609,54.0
2022-04-23,58.6667,76.7083,45.3333,55.6
2022-04-24,64.2222,79.4583,50.7917,59.8
2022-04-25,67.5556,85.8696,53.3043,70.75
2022-04-26,66.6667,84.7391,53.8261,63.0
2022-04-27,61.4444,80.6087,53.6087,67.0
2022-04-28,56.7778,74.0909,51.8182,58.6667
2022-04-29,62.2222,82.5652,49.5652,64.75
2022-04-30,66.7778,85.625,51.4583,59.2
2022-05-01,63.4444,80.8333,53.1667,63.2
2022-05-02,63.1111,82.7826,55.087,66.0
2022-05-03,61.2222,80.6087,54.5217,66.0
2022-05-04,68.5556,86.8182,53.1818,70.3333
2022-05-05,70.2222,88.4348,55.6087,66.25
2022-05-06,71.1111,88.0417,55.875,70.4
2022-05-07,66.6667,84.9583,58.5417,71.0
2022-05-08,57.7778,75.2083,54.1667,59.75
2022-05-09,55.2222,72.3333,50.0833,56.6
2022-05-10,54.8889,72.3478,46.3043,54.25
2022-05-11,52.3333,70.0833,43.7917,53.8
2022-05-12,62.5556,79.3333,44.8333,60.0
2022-05-13,71.4444,89.5833,52.7917,68.6
2022-05-14,76.3333,94.9167,58.2917,67.8
2022-05-15,73.5556,92.7917,58.375,68.25
2022-05-16,69.7778,87.1304,58.3913,67.5
2022-05-17,66.2222,83.7391,56.7391,67.75
2022-05-18,69.5556,87.875,56.5,71.4
2022-05-19,68.0,85.8333,57.5417,74.0
2022-05-20,59.4444,74.75,57.625,66.25
2022-05-21,61.1111,78.6957,56.5652,66.25
2022-05-22,64.5556,82.3333,55.875,64.6
2022-05-23,66.3333,84.2083,55.5,69.4
2022-05-24,72.7778,89.5217,56.7391,71.25
2022-05-25,75.2222,91.3043,60.7391,76.75
2022-05-26,72.0,90.4348,58.913,70.0
2022-05-27,67.5556,86.4783,57.5217,70.6667
2022-05-28,61.3333,76.9565,58.087,65.5
2022-05-29,62.2222,78.7391,57.087,63.0
2022-05-30,63.7778,82.1667,54.5652,67.2
2022-05-31,66.6667,85.1818,55.4545,73.3333
2022-06-01,73.6667,91.4167,58.2174,75.6
2022-06-02,73.2222,91.6667,58.1667,69.5
2022-06-03,69.2222,89.4348,59.6087,79.5
2022-06-04,67.5556,85.6667,59.5417,74.6
2022-06-05,70.1111,87.875,61.9583,74.8
2022-06-06,73.2222,91.8261,63.1304,80.3333
2022-06-07,76.0,94.1739,64.8261,79.25
2022-06-08,78.5556,94.8333,65.0417,80.5
2022-06-09,81.1111,97.3043,66.0,79.0
2022-06-10,83.0,98.6522,68.4783,79.6667
2022-06-11,82.5556,99.3043,68.0,73.0
2022-06-12,78.8889,97.0417,67.0417,79.0
2022-06-13,70.4444,89.1667,62.5417,75.5
2022-06-14,72.2222,91.913,60.6522,76.5
2022-06-15,77.8889,96.4167,62.5417,78.4
2022-06-16,77.7778,96.25,63.1667,79.75
2022-06-17,70.5556,89.4583,62.6667,77.5
2022-06-18,65.7778,83.7391,57.6522,68.0
2022-06-19,66.8889,86.2917,54.2083,67.5
2022-06-20,76.6667,95.4583,58.5833,74.4
2022-06-21,79.8889,95.4583,64.0417,73.75
2022-06-22,79.7778,96.3913,70.1739,81.5
2022-06-23,80.7778,98.1364,69.5,83.0
2022-06-24,81.5556,99.6818,68.3182,85.0
2022-06-25,81.6667,99.2609,65.8696,77.0
2022-06-26,83.2222,101.087,67.7273,85.25
2022-06-27,84.6667,100.2917,71.5652,80.75
2022-06-28,84.4444,99.8261,71.1304,82.0
2022-06-29,82.7778,99.4583,71.6667,84.6
2022-06-30,80.6667,97.25,70.6667,83.0
2022-07-01,79.4444,96.4783,69.6522,80.75
2022-07-02,76.0,94.25,66.4583,78.6
2022-07-03,71.3333,90.3333,62.5,76.0
2022-07-04,70.2222,89.0833,60.2083,74.4
2022-07-05,72.0,89.6667,61.0,73.5
2022-07-06,73.5556,90.875,62.5,75.75
2022-07-07,77.3333,93.9583,64.4167,79.2
2022-07-08,77.5556,96.6087,65.4348,81.25
2022-07-09,80.0,98.7917,65.125,79.8
2022-07-10,82.3333,99.6957,68.6087,81.75
2022-07-11,81.2222,99.4583,68.6667,84.6
2022-07-12,79.1111,96.625,68.5417,84.75
2022-07-13,81.0,98.3478,68.5833,82.8
2022-07-14,81.3333,97.3478,72.0,87.25
2022-07-15,85.2222,99.8261,71.7391,84.25
2022-07-16,86.3333,102.0417,73.1667,86.2
2022-07-17,85.1111,101.875,74.75,86.2
2022-07-18,83.4444,99.4583,74.3333,84.4
2022-07-19,84.0,99.4783,72.1304,85.3333
2022-07-20,82.5556,99.1364,73.2727,83.25
2022-07-21,82.3333,99.3913,72.4348,83.0
2022-07-22,81.3333,97.8696,70.5217,82.75
2022-07-23,78.7778,97.1364,70.5455,86.3333
2022-07-24,78.4444,94.6522,68.5217,78.5
2022-07-25,78.1111,93.913,68.7391,80.0
2022-07-26,79.2222,94.6957,68.6957,79.75
2022-07-27,78.6667,95.1739,68.8261,80.25
2022-07-28,79.2222,95.1667,70.375,83.2
2022-07-29,78.8889,94.5652,69.6087,78.0
2022-07-30,79.6667,94.3043,71.5217,76.0
2022-07-31,79.4444,94.7826,72.6087,76.5
2022-08-01,80.1111,95.25,71.9167,79.6
2022-08-02,80.0,95.25,72.5,81.8
2022-08-03,81.0,97.3333,73.0,83.2
2022-08-04,77.0,93.4545,72.5909,82.6667
2022-08-05,79.2222,94.1739,70.9565,78.0
2022-08-06,82.3333,98.6522,69.6087,73.6667
2022-08-07,84.1111,99.75,69.8261,77.6
2022-08-08,82.5556,96.3478,72.7391,77.25
2022-08-09,81.8889,98.0455,73.3636,86.3333
2022-08-10,82.2222,99.1304,72.6087,86.6667
2022-08-11,83.4444,100.087,73.087,87.6667
2022-08-12,84.0,100.5217,74.2174,88.6667
2022-08-13,83.2222,99.087,72.7826,77.5
2022-08-14,82.6667,99.2609,72.1739,84.75
2022-08-15,82.1111,99.3913,71.913,83.6667
2022-08-16,82.8889,99.2174,71.2609,82.25
2022-08-17,83.6667,98.625,71.25,81.0
2022-08-18,81.5556,97.3043,71.6087,80.25
2022-08-19,81.2222,97.4348,69.6087,80.0
2022-08-20,78.5556,94.1739,69.3043,75.75
2022-08-21,77.4444,92.3913,68.3478,75.75
2022-08-22,79.3333,95.0833,68.875,81.2
2022-08-23,82.7778,98.9583,70.9583,80.6
2022-08-24,81.0,96.4348,70.7826,81.25
2022-08-25,80.5556,96.8261,72.1739,83.0
2022-08-26,80.8889,97.4583,70.7917,82.4
2022-08-27,78.3333,95.4167,69.2917,78.8
2022-08-28,75.4444,93.4348,69.0,80.75
2022-08-29,78.6667,95.0417,67.5417,78.8
2022-08-30,84.5556,103.0,71.4783,83.75
2022-08-31,89.2222,105.375,74.125,85.2
2022-09-01,89.6667,105.4091,76.7727,88.3333
2022-09-02,87.8889,101.6522,75.0435,83.25
2022-09-03,88.3333,102.3913,77.0,81.25
2022-09-04,87.0,103.3478,77.2174,81.0
2022-09-05,88.4444,103.8696,75.3913,80.75
2022-09-06,89.1111,105.9091,75.8182,85.6667
2022-09-07,87.1111,103.1304,76.9565,84.3333
2022-09-08,84.4444,98.5652,76.3043,81.3333
2022-09-09,74.4444,87.3043,71.7826,75.5
2022-09-10,71.6667,81.7826,68.7391,66.25
2022-09-11,73.1111,86.9565,67.6957,67.0
2022-09-12,71.8889,85.5217,68.913,73.0
2022-09-13,71.1111,84.913,68.4348,73.25
2022-09-14,69.4444,85.4545,64.1364,74.5
2022-09-15,67.6667,85.6818,61.1364,69.0
2022-09-16,68.6667,86.8636,59.6818,70.3333
2022-09-17,67.2222,85.3182,59.8182,66.6667
2022-09-18,66.6667,84.8182,58.9545,65.6667
2022-09-19,67.8889,87.3182,57.7727,66.0
2022-09-20,69.8889,88.8636,58.7727,67.3333
2022-09-21,69.2222,86.9091,60.4545,72.6667
2022-09-22,72.7778,91.8636,58.7273,71.3333
2022-09-23,77.6667,94.913,65.7391,76.75
2022-09-24,79.2222,96.913,69.1739,79.25
2022-09-25,79.8889,98.2174,70.3913,78.25
2022-09-26,81.1111,99.6957,69.1304,78.0
2022-09-27,82.3333,100.6087,69.6087,81.6667
2022-09-28,81.0,97.7727,70.2727,76.5
2022-09-29,78.0,93.8636,67.9545,77.6667
2022-09-30,72.8889,89.7273,63.0455,71.3333
2022-10-01,68.5556,86.4545,61.7273,70.6667
2022-10-02,70.3333,87.3636,63.0455,71.0
2022-10-03,72.0,89.3636,63.4545,72.0
2022-10-04,74.0,91.0909,64.0,72.3333
2022-10-05,74.2222,91.2727,63.3182,74.0
2022-10-06,72.6667,89.5455,63.6818,70.0
2022-10-07,72.5556,89.7826,63.087,70.3333
2022-10-08,72.5556,89.0435,63.8261,70.6667
2022-10-09,71.3333,87.4783,62.6087,69.0
2022-10-10,69.2222,85.8333,60.125,65.5
2022-10-11,65.8889,82.6957,60.2174,64.25
2022-10-12,66.4444,84.8636,61.1364,65.0
2022-10-13,68.0,86.1818,60.1364,67.3333
2022-10-14,65.7778,81.7826,59.2174,62.75
2022-10-15,59.5556,72.5652,58.4783,59.5
2022-10-16,60.1111,71.7826,56.7826,56.75
2022-10-17,66.5556,81.0,55.3043,59.5
2022-10-18,71.1111,85.3043,58.913,61.3333
2022-10-19,72.4444,87.6522,62.0,70.0
2022-10-20,70.2222,86.2083,58.1667,60.8
2022-10-21,67.3333,83.125,56.1667,57.5
2022-10-22,59.3333,74.4783,57.0,60.25
2022-10-23,55.2222,70.5417,50.75,55.6
2022-10-24,56.0,71.75,48.5417,55.4
2022-10-25,59.1111,75.8696,46.0435,49.3333
2022-10-26,58.0,73.7083,45.5833,53.4
2022-10-27,58.8889,75.375,47.8333,58.0
2022-10-28,59.8889,76.25,47.6667,53.4
2022-10-29,60.6667,77.6957,46.087,49.0
2022-10-30,63.8889,80.7826,47.4783,54.5
2022-10-31,64.6667,82.1739,51.3478,59.25
2022-11-01,59.5556,74.5652,51.4783,58.3333
2022-11-02,52.0,66.3478,49.4348,52.75
2022-11-03,46.6667,60.9583,42.9583,44.2
2022-11-04,49.5556,64.8333,39.9583,49.2
2022-11-05,55.4444,70.2917,42.7083,49.6
2022-11-06,57.1111,70.5417,45.125,50.4
2022-11-07,54.7778,66.5417,48.4167,48.6
2022-11-08,51.7778,62.5455,48.3636,54.5
2022-11-09,46.8889,60.913,45.087,50.0
2022-11-10,48.7778,64.0,38.2174,45.75
2022-11-11,50.1111,64.8261,40.6957,48.25
2022-11-12,49.6667,65.0435,37.6522,41.0
2022-11-13,47.1111,62.2174,37.9565,39.6667
2022-11-14,50.0,65.1304,38.1739,46.5
2022-11-15,51.6667,67.2273,40.1364,51.0
2022-11-16,52.8889,66.2174,46.9565,52.0
2022-11-17,52.7778,69.3182,40.2273,48.5
2022-11-18,53.1111,68.1818,39.2727,43.3333
2022-11-19,53.2222,65.3478,46.5652,46.25
2022-11-20,54.1111,69.4545,42.4545,40.6667
2022-11-21,52.3333,69.5833,38.4583,48.0
2022-11-22,51.8889,70.7273,40.3182,43.6667
2022-11-23,55.0,72.1905,38.5714,45.5
2022-11-24,57.5556,70.2381,48.1905,52.5
2022-11-25,54.6667,70.4545,41.8636,39.6667
2022-11-26,53.1111,68.2727,38.3182,43.3333
2022-11-27,54.4444,69.7727,40.0909,39.0
2022-11-28,49.0,60.3182,42.5455,42.0
2022-11-29,48.2222,62.5,42.3182,43.6667
2022-11-30,47.1111,62.913,39.3478,42.25
2022-12-01,46.4444,58.1818,42.0455,40.3333
2022-12-02,49.6667,59.5417,43.625,42.6
2022-12-03,54.0,66.125,43.75,47.0
2022-12-04,53.4444,66.0,43.3913,45.0
2022-12-05,48.5556,61.1304,43.9565,45.75
2022-12-06,45.3333,59.2609,41.1304,44.0
2022-12-07,44.2222,60.1739,39.6087,46.25
2022-12-08,43.3333,61.0435,34.7391,40.75
2022-12-09,44.3333,60.7917,33.6667,39.4
2022-12-10,46.5556,61.2174,34.5652,37.0
2022-12-11,44.2222,55.0,38.8182,42.3333
2022-12-12,37.8889,48.9091,35.2273,34.5
2022-12-13,39.8889,54.1364,32.4091,31.3333
2022-12-14,42.0,57.8696,31.9545,36.0
2022-12-15,46.2222,60.4348,34.9565,38.0
2022-12-16,47.2222,60.5,39.2917,42.25
2022-12-17,45.0,58.375,34.8333,36.0
2022-12-18,45.7778,58.875,35.1667,38.0
2022-12-19,45.2222,61.3333,32.5417,38.5
2022-12-20,48.1111,63.4167,36.2083,45.25
2022-12-21,53.3333,68.5909,38.0,44.3333
2022-12-22,52.7778,68.087,39.6087,43.5
2022-12-23,52.8889,68.0435,39.6957,44.75
2022-12-24,58.8889,74.5217,42.4348,50.0
2022-12-25,62.3333,77.1304,46.913,54.75
2022-12-26,61.7778,75.8261,47.087,49.25
2022-12-27,55.4444,65.3913,46.3478,47.0
2022-12-28,50.1111,62.4545,46.9545,48.0
2022-12-29,48.0,58.25,45.5,44.5
2022-12-30,49.2222,57.625,46.25,44.4
2022-12-31,50.3333,58.0,46.4583,43.8
2023-01-01,45.4444,55.5833,42.3333,42.5
2023-01-02,43.3333,54.375,37.4583,37.75
2023-01-03,47.4444,55.4167,41.6667,41.25
2023-01-04,50.6667,60.1739,47.7391,49.6667
2023-01-05,48.3333,57.4091,45.6364,46.0
2023-01-06,47.2222,61.4348,38.3913,39.75
2023-01-07,50.6667,63.6522,38.6522,37.5
2023-01-08,51.3333,64.3478,40.7826,41.5
2023-01-09,51.0,59.6818,46.4091,46.6667
2023-01-10,48.6667,60.0,44.3913,47.6667
2023-01-11,45.8889,59.5652,40.1304,45.75
2023-01-12,52.4444,64.8696,41.6957,45.0
2023-01-13,52.7778,66.0417,41.5417,43.0
2023-01-14,47.5556,55.5417,42.9167,46.25
2023-01-15,45.6667,54.5833,43.625,42.0
2023-01-16,46.0,56.5217,44.1304,45.5
2023-01-17,41.4444,53.7917,38.125,39.4
2023-01-18,42.1111,56.3182,34.8636,41.3333
2023-01-19,43.0,55.1304,32.8261,32.0
2023-01-20,43.0,56.6364,35.4091,43.0
2023-01-21,45.0,58.7826,33.8261,40.5
2023-01-22,44.7778,58.0435,32.7826,36.0
2023-01-23,43.5556,57.0455,38.1818,42.0
2023-01-24,47.7778,63.1429,36.9524,46.5
2023-01-25,50.3333,65.8261,37.087,46.0
2023-01-26,49.6667,61.1304,41.5217,42.25
2023-01-27,49.0,64.8333,35.5833,44.4
2023-01-28,46.5556,60.7273,34.9091,37.6667
2023-01-29,42.7778,53.2174,39.5217,37.25
2023-01-30,43.3333,55.1667,38.25,37.25
2023-01-31,44.5556,55.5217,39.3913,36.3333
2023-02-01,47.8889,62.3913,37.7826,47.3333
2023-02-02,49.7778,65.8636,35.0,48.5
2023-02-03,51.6667,66.4783,39.8261,47.3333
2023-02-04,52.8889,69.5833,37.9583,39.0
2023-02-05,49.4444,64.5,39.5,43.8
2023-02-06,48.2222,63.0833,39.2083,47.8
2023-02-07,50.8889,64.1739,41.3478,46.25
2023-02-08,53.4444,69.6364,40.5909,49.6667
2023-02-09,56.2222,71.8696,42.7826,56.75
2023-02-10,53.5556,69.5652,43.0435,45.0
2023-02-11,48.2222,62.0,38.5417,42.8
2023-02-12,44.1111,59.3333,36.875,39.8
2023-02-13,45.7778,58.1667,40.4583,40.75
2023-02-14,42.0,53.75,37.0833,41.4
2023-02-15,39.4444,55.5652,32.3478,41.0
2023-02-16,43.1111,56.4167,31.25,38.4
2023-02-17,46.1111,59.4783,36.3043,39.5
2023-02-18,49.0,63.4167,36.375,41.0
2023-02-19,49.8889,66.5417,35.9167,40.0
2023-02-20,53.5556,70.125,39.5833,42.8
2023-02-21,50.1111,66.2083,39.6667,46.5
2023-02-22,38.5556,52.8696,38.2174,40.75
2023-02-23,36.6667,47.5,34.625,34.0
2023-02-24,42.5556,52.25,35.375,35.2
2023-02-25,39.6667,51.0417,36.4167,39.0
2023-02-26,38.3333,50.7083,33.2917,31.4
2023-02-27,40.6667,52.5833,32.8333,35.4
2023-02-28,42.3333,54.1667,39.0,38.4
2023-03-01,37.6667,48.5833,35.4167,36.4
2023-03-02,42.7778,58.3913,32.7391,40.0
2023-03-03,45.4444,60.6087,34.7826,38.75
2023-03-04,45.1111,58.2609,36.2174,41.25
2023-03-05,43.6667,55.3043,39.1304,37.25
2023-03-06,44.8889,58.0435,40.7826,42.0
2023-03-07,45.5556,60.4348,39.3043,46.75
2023-03-08,45.7778,62.7391,38.1739,44.5
2023-03-09,52.5556,68.8333,41.2917,48.0
2023-03-10,52.2222,61.125,48.6667,52.2
2023-03-11,55.7778,66.375,51.0833,51.4
2023-03-12,55.4444,68.6667,49.1667,50.8
2023-03-13,54.7778,69.3333,49.5833,54.0
2023-03-14,52.7778,63.6522,50.4348,52.2
2023-03-15,51.7778,63.2174,48.6522,52.0
2023-03-16,48.5556,62.2727,43.4091,44.0
2023-03-17,52.1111,68.4762,42.5714,49.6667
2023-03-18,55.7778,70.4762,44.5714,56.5
2023-03-19,52.7778,63.0909,48.0909,44.75
2023-03-20,50.5556,62.4762,47.4762,46.0
2023-03-21,45.5556,58.6818,44.9545,46.5
2023-03-22,44.0,55.7273,42.5909,43.5
2023-03-23,44.6667,56.4091,40.0909,37.5
2023-03-24,47.1111,61.0909,40.9091,44.25
2023-03-25,46.4444,61.9565,39.0,42.2
2023-03-26,46.7778,62.1304,38.6087,42.25
2023-03-27,49.5556,65.0909,41.0,50.0
2023-03-28,53.2222,68.6818,40.2727,42.6667
2023-03-29,46.0,58.7143,42.1905,42.0
2023-03-30,41.4444,54.5714,39.5238,41.6667
2023-03-31,48.1111,63.0,35.1818,39.25
2023-04-01,53.3333,69.5,38.5,40.25
2023-04-02,54.7778,71.5,42.1364,45.0
2023-04-03,46.0,61.0476,42.2381,47.6667
2023-04-04,43.2222,59.619,36.7619,44.6667
2023-04-05,48.8889,65.4091,37.5455,47.0
2023-04-06,53.7778,70.7727,41.5909,52.75
2023-04-07,56.0,71.5417,42.7083,49.4
2023-04-08,57.3333,74.0417,45.625,50.2
2023-04-09,64.3333,81.9167,48.2917,54.8
2023-04-10,69.0,85.9167,52.2917,62.0
2023-04-11,65.1111,83.3913,51.3043,56.6667
2023-04-12,57.5556,74.5455,51.8182,59.5
2023-04-13,50.0,64.0,50.087,55.0
2023-04-14,50.1111,66.1667,46.0833,51.5
2023-04-15,58.4444,76.25,44.9167,52.75
2023-04-16,59.6667,75.6522,47.0,50.25
2023-04-17,56.2222,72.5417,49.7083,58.2
2023-04-18,54.3333,70.25,50.2917,56.8
2023-04-19,53.3333,70.2609,45.5217,50.0
2023-04-20,60.8889,78.5,44.3333,58.75
2023-04-21,68.0,85.375,50.5,59.5
2023-04-22,69.0,86.4583,54.3333,64.75
2023-04-23,65.7778,83.2917,54.125,62.0
2023-04-24,61.5556,80.0,53.75,66.5
2023-04-25,61.5556,80.2917,54.2083,64.5
2023-04-26,67.5556,86.1739,53.3913,70.6667
2023-04-27,69.0,86.6522,53.7826,63.0
2023-04-28,70.1111,88.2083,55.8333,71.6
2023-04-29,71.6667,91.4583,56.0833,64.6
2023-04-30,66.2222,86.0417,54.8333,64.0
2023-05-01,54.1111,71.7917,52.1667,61.6
2023-05-02,52.2222,69.0,46.25,51.0
2023-05-03,51.4444,67.0,44.6957,47.75
2023-05-04,49.5556,63.125,46.7083,47.4
2023-05-05,51.6667,64.625,47.375,49.8
2023-05-06,54.3333,69.6957,45.1739,51.25
2023-05-07,57.1111,73.4583,47.875,57.2
2023-05-08,59.3333,76.6667,49.4583,61.4
2023-05-09,57.2222,75.125,50.375,61.5
2023-05-10,53.8889,69.5417,50.0,55.0
2023-05-11,59.1111,75.8333,50.25,59.2
2023-05-12,64.3333,83.7917,51.2083,63.8
2023-05-13,71.1111,89.3333,55.375,73.0
2023-05-14,70.0,88.625,56.6667,66.75
2023-05-15,70.7778,87.8333,57.375,68.75
2023-05-16,72.2222,89.6667,59.875,72.6
2023-05-17,72.8889,89.6667,59.9167,71.5
2023-05-18,70.8889,86.2917,58.875,71.0
2023-05-19,67.6667,83.0417,59.2083,73.0
2023-05-20,69.5556,86.0435,60.5217,68.0
2023-05-21,68.6667,86.5417,60.1667,68.2
2023-05-22,69.2222,85.9565,59.2174,70.25
2023-05-23,65.5556,80.6667,58.875,68.8
2023-05-24,62.7778,79.5,56.5,66.75
2023-05-25,60.8889,78.3333,54.7083,64.8
2023-05-26,59.1111,76.0833,52.875,62.2
2023-05-27,62.3333,79.7083,53.9167,63.2
2023-05-28,62.1111,78.75,55.25,66.4
2023-05-29,61.4444,77.0833,55.25,65.0
2023-05-30,59.6667,76.2917,54.625,65.0
2023-05-31,55.7778,69.2917,53.5,59.4
2023-06-01,59.8889,73.6087,54.2609,62.25
2023-06-02,63.6667,80.0417,55.5417,68.4
2023-06-03,67.0,85.0,53.8696,65.75
2023-06-04,68.2222,85.6522,57.0435,65.6667
2023-06-05,61.6667,78.6667,56.6667,68.4
2023-06-06,59.2222,76.5417,53.2083,62.8
2023-06-07,60.1111,76.4167,54.375,64.6
2023-06-08,64.0,80.5,54.875,65.4
2023-06-09,64.5556,80.5833,56.25,67.6
2023-06-10,63.1111,79.375,57.4583,67.25
2023-06-11,58.1111,72.1667,57.2083,59.8
2023-06-12,58.7778,71.5,55.25,60.8
2023-06-13,64.0,79.4583,56.125,67.2
2023-06-14,64.3333,80.4167,57.3333,70.4
2023-06-15,65.7778,82.0833,59.25,71.2
2023-06-16,69.1111,86.75,61.125,70.8
2023-06-17,73.8889,91.4583,62.375,73.0
2023-06-18,70.5556,87.5833,61.9167,71.6
2023-06-19,66.1111,84.25,60.0,72.2
2023-06-20,67.3333,85.9583,57.6667,70.6
2023-06-21,68.3333,87.1667,57.0833,69.2
2023-06-22,63.8889,82.3913,53.9565,66.25
2023-06-23,63.3333,83.5,52.1667,64.2
2023-06-24,67.1111,86.4783,53.125,68.2
2023-06-25,68.3333,87.7917,55.4167,69.2
2023-06-26,69.3333,87.8261,56.8696,69.25
2023-06-27,70.4444,88.4783,57.1304,71.0
2023-06-28,68.1111,87.0417,57.125,70.0
2023-06-29,72.0,91.7727,58.5,75.3333
2023-06-30,79.6667,98.5417,62.4583,79.2
2023-07-01,82.5556,100.5652,65.3478,76.5
2023-07-02,83.2222,100.4348,67.2174,78.0
2023-07-03,83.1111,100.1739,67.2609,80.0
2023-07-04,77.2222,96.1739,65.0435,76.75
2023-07-05,74.6667,94.5217,59.6087,71.75
2023-07-06,72.8889,91.6957,59.2174,76.2
2023-07-07,71.4444,91.625,60.375,76.8
2023-07-08,72.5556,92.0833,59.5833,71.6
2023-07-09,73.7778,92.6667,61.1667,77.8
2023-07-10,78.8889,97.1667,62.9167,78.6
2023-07-11,82.2222,99.125,68.2083,80.0
2023-07-12,83.0,98.9583,72.5833,81.0
2023-07-13,82.0,99.6667,72.5417,83.4
2023-07-14,84.5556,102.3333,70.8333,84.6
2023-07-15,87.0,104.25,72.0417,85.6
2023-07-16,87.0,103.25,73.6667,87.8
2023-07-17,86.2222,102.375,75.9583,86.4
2023-07-18,84.8889,102.1667,74.1667,84.8
2023-07-19,85.3333,102.5,73.8333,84.6
2023-07-20,86.4444,103.9565,72.8261,87.25
2023-07-21,85.7778,102.0435,72.8261,88.75
2023-07-22,86.1111,103.0,73.1667,84.3333
2023-07-23,81.4444,96.9167,73.4583,80.25
2023-07-24,85.4444,102.2083,71.5833,84.0
2023-07-25,87.4444,103.9565,73.7391,84.3333
2023-07-26,87.0,104.3043,74.2174,86.75
2023-07-27,86.2222,104.3333,73.2083,86.2
2023-07-28,85.7778,102.7083,73.2917,86.8
2023-07-29,86.3333,103.3333,74.75,83.8
2023-07-30,84.8889,100.5,74.3333,83.75
2023-07-31,79.8889,93.7083,73.4167,77.2
2023-08-01,79.5556,93.6522,71.2609,75.5
2023-08-02,80.6667,97.3043,69.8261,83.0
2023-08-03,77.0,95.2609,65.2174,77.25
2023-08-04,76.3333,95.7826,62.087,78.2
2023-08-05,81.4444,100.375,64.375,74.4
2023-08-06,83.3333,101.375,67.4167,76.4
2023-08-07,80.6667,98.5833,66.5417,77.2
2023-08-08,77.5556,94.6522,68.0909,75.5
2023-08-09,76.3333,93.1739,69.4348,73.6667
2023-08-10,73.2222,88.9545,69.2727,80.6667
2023-08-11,72.7778,89.2857,66.5714,77.5
2023-08-12,75.7778,92.5714,65.8095,80.3333
2023-08-13,77.5556,94.9524,66.8095,77.0
2023-08-14,81.5556,99.1905,68.4762,80.0
2023-08-15,84.2222,102.0,73.5,87.3333
2023-08-16,85.3333,104.0435,76.1304,86.0
2023-08-17,84.4444,102.5217,72.6522,85.75
2023-08-18,81.5556,100.3478,70.913,89.3333
2023-08-19,73.6667,86.7826,69.6957,81.0
2023-08-20,67.5556,77.4091,64.5,71.25
2023-08-21,67.4444,81.6818,62.5909,69.0
2023-08-22,73.1111,89.2174,63.1304,73.25
2023-08-23,77.8889,95.6087,66.1739,77.5
2023-08-24,77.3333,94.0435,69.2609,82.5
2023-08-25,78.5556,97.5,67.1818,82.5
2023-08-26,81.2222,100.3182,67.5909,82.0
2023-08-27,84.7778,103.3043,70.6087,84.0
2023-08-28,86.4444,105.5,72.9091,90.3333
2023-08-29,87.2222,106.0,74.0,88.25
2023-08-30,86.5556,102.6364,74.5909,83.6667
2023-08-31,82.0,98.6957,72.9565,84.6667
2023-09-01,73.0,89.5,68.0909,79.75
2023-09-02,70.7778,82.3043,67.4783,67.8
2023-09-03,69.3333,83.25,63.625,69.6
2023-09-04,66.3333,83.6667,60.2917,67.0
2023-09-05,68.3333,84.0833,59.75,68.4
2023-09-06,72.0,88.7917,62.625,74.2
2023-09-07,77.0,93.4167,62.375,72.2
2023-09-08,81.2222,97.5,67.375,77.4
2023-09-09,82.4444,99.5833,71.125,75.5
2023-09-10,78.2222,94.3478,72.3043,78.6667
2023-09-11,76.2222,90.5217,68.6522,70.6667
2023-09-12,74.4444,90.1304,64.8696,76.25
2023-09-13,69.2222,87.8333,60.9583,70.6
2023-09-14,69.4444,87.2083,60.7917,71.8
2023-09-15,69.8889,88.2917,62.5,72.0
2023-09-16,69.3333,84.5652,63.6667,71.5
2023-09-17,68.0,83.6667,62.087,68.0
2023-09-18,66.2222,83.4167,60.5417,67.4
2023-09-19,66.6667,84.7917,57.0,66.5
2023-09-20,63.5556,80.0833,59.0833,65.0
2023-09-21,62.7778,78.6667,57.0833,62.2
2023-09-22,64.7778,80.1667,55.6667,63.6
2023-09-23,69.2222,84.6667,59.0833,67.2
2023-09-24,69.7778,88.5,57.2083,63.6
2023-09-25,69.6667,88.3913,56.7826,64.75
2023-09-26,70.6667,90.4348,56.7826,69.6
2023-09-27,71.3333,91.4348,56.6087,65.5
2023-09-28,69.1111,87.0435,56.1304,67.0
2023-09-29,64.6667,82.7917,57.25,67.25
2023-09-30,58.2222,73.4583,56.9583,58.2
2023-10-01,55.4444,68.1739,51.6957,49.0
2023-10-02,57.7778,73.5217,47.8261,55.6
2023-10-03,65.1111,81.3333,51.7083,64.4
2023-10-04,71.7778,87.6667,57.0833,67.4
2023-10-05,74.6667,91.6957,60.2609,70.3333
2023-10-06,75.8889,94.8261,60.913,74.75
2023-10-07,77.4444,95.4583,61.4167,66.5
2023-10-08,76.8889,94.75,63.125,65.4
2023-10-09,73.4444,90.7826,59.6957,64.0
2023-10-10,66.6667,83.4783,57.5217,67.0
2023-10-11,61.8889,78.25,57.4583,63.0
2023-10-12,63.7778,81.8696,52.9565,57.6667
2023-10-13,64.4444,80.7826,51.6522,59.5
2023-10-14,66.0,84.2609,51.2174,54.3333
2023-10-15,71.5556,91.0,54.3913,61.0
2023-10-16,73.1111,92.0833,56.875,65.6
2023-10-17,72.4444,91.25,57.875,66.6
2023-10-18,76.0,94.6522,58.4783,67.0
2023-10-19,77.1111,95.7391,60.3478,67.75
2023-10-20,76.7778,95.1739,61.2609,64.75
2023-10-21,72.2222,90.7083,59.9583,63.8
2023-10-22,63.5556,81.875,55.8333,57.75
2023-10-23,58.7778,73.7917,54.7826,57.2
2023-10-24,61.1111,77.4583,51.875,59.25
2023-10-25,58.2222,71.2917,54.0833,58.5
2023-10-26,59.6667,75.3478,54.6957,59.75
2023-10-27,58.6667,75.913,52.8696,58.75
2023-10-28,57.3333,74.2917,50.9583,56.2
2023-10-29,57.1111,71.1667,50.0417,54.4
2023-10-30,59.3333,73.0417,48.9583,57.2
2023-10-31,62.2222,77.6667,50.625,60.2
2023-11-01,62.7778,80.3043,46.913,54.5
2023-11-02,62.7778,82.0,45.4167,51.6
2023-11-03,63.6667,82.9583,46.3333,54.4
2023-11-04,64.8889,84.0833,47.5417,51.0
2023-11-05,67.2222,84.7083,48.7083,51.8
2023-11-06,65.0,82.0,49.2917,54.2
2023-11-07,56.5556,72.1667,50.2083,59.0
2023-11-08,56.2222,72.25,48.1739,56.0
2023-11-09,57.3333,71.375,49.4348,53.0
2023-11-10,55.7778,72.9167,42.1739,52.8
2023-11-11,59.6667,76.9167,43.375,52.0
2023-11-12,61.7778,78.625,46.0417,52.0
2023-11-13,60.5556,76.0,47.1667,52.0
2023-11-14,61.2222,77.9583,45.2917,51.6
2023-11-15,57.5556,70.5652,48.8696,52.75
2023-11-16,56.2222,69.125,49.625,52.8
2023-11-17,57.2222,71.3333,46.5,49.8
2023-11-18,56.0,68.25,50.9167,52.0
2023-11-19,55.0,68.25,50.0417,52.8
2023-11-20,56.0,68.9167,49.4167,51.0
2023-11-21,59.1111,72.4167,51.3333,56.2
2023-11-22,58.7778,74.6667,46.4583,52.6
2023-11-23,55.6667,70.0,46.9167,49.6
2023-11-24,51.1111,64.0417,46.375,48.0
2023-11-25,48.5556,63.75,41.4167,46.0
2023-11-26,49.5556,61.9583,42.625,44.6
2023-11-27,51.6667,65.0417,44.75,47.0
2023-11-28,52.6667,67.6667,43.2083,48.0
2023-11-29,48.2222,62.9524,40.381,42.0
2023-11-30,48.5556,59.0455,43.8182,40.5
2023-12-01,47.8889,61.381,40.8636,43.0
2023-12-02,48.8889,64.2727,38.1364,40.75
2023-12-03,51.4444,67.4091,38.9091,45.4
2023-12-04,57.4444,72.8182,43.5909,51.75
2023-12-05,61.4444,76.5217,47.3478,55.75
2023-12-06,59.1111,75.8636,45.0,51.0
2023-12-07,52.1111,68.0,43.6087,50.0
2023-12-08,52.0,68.125,42.2917,52.2
2023-12-09,51.5556,64.4167,45.0833,48.4
2023-12-10,53.8889,69.25,42.125,45.6
2023-12-11,55.6667,71.0,41.375,48.0
2023-12-12,51.4444,67.7917,38.125,45.4
2023-12-13,51.4444,66.75,38.0,51.2
2023-12-14,52.6667,69.087,38.8261,43.75
2023-12-15,56.4444,72.1304,42.5652,48.2
2023-12-16,57.7778,74.8261,43.2609,45.0
2023-12-17,59.3333,74.913,44.1304,45.5
2023-12-18,57.5556,70.8261,46.5217,49.25
2023-12-19,54.3333,64.75,47.4583,47.2
2023-12-20,54.6667,66.3333,47.1667,48.8
2023-12-21,54.6667,67.0435,48.0,49.3333
2023-12-22,50.4444,61.2174,47.5217,53.75
2023-12-23,48.8889,60.125,43.6667,44.8
2023-12-24,48.4444,62.625,41.875,41.2
2023-12-25,50.0,64.9583,39.7083,42.4
2023-12-26,51.8889,65.4583,42.2083,47.2
2023-12-27,52.3333,66.0417,42.75,46.0
2023-12-28,52.1111,67.625,41.7083,44.6
2023-12-29,53.6667,67.2083,42.1667,42.25
2023-12-30,47.4444,59.125,41.4583,39.8
2023-12-31,,59.0714,41.0714,37.0
