start,end,count
2020-01-01,2020-04-22,113
2020-04-22,2020-04-22,1
2020-04-22,2020-04-22,1
2020-04-22,2020-04-23,2
2020-04-23,2020-04-23,1
2020-04-23,2020-04-23,1
2020-04-23,2020-04-23,1
2020-04-23,2020-04-24,2
2020-04-24,2020-04-24,1
2020-04-24,2020-04-24,1
2020-04-24,2020-04-24,1
2020-04-24,2020-04-24,1
2020-04-24,2020-04-24,1
2020-04-24,2020-04-24,1
2020-04-24,2020-04-24,1
2020-04-24,2020-04-25,2
2020-04-25,2020-04-25,1
2020-04-25,2020-04-25,1
2020-04-25,2020-04-25,1
2020-04-25,2020-04-25,1
2020-04-25,2020-04-25,1
2020-04-25,2020-04-25,1
2020-04-25,2020-04-25,1
2020-04-25,2020-04-26,2
2020-04-26,2020-04-26,1
2020-04-26,2020-04-26,1
2020-04-26,2020-04-26,1
2020-04-26,2020-04-26,1
2020-04-26,2020-04-26,1
2020-04-26,2020-04-26,1
2020-04-26,2020-04-28,3
2020-04-28,2020-04-28,1
2020-04-28,2020-04-28,1
2020-04-28,2020-04-28,1
2020-04-28,2020-05-04,7
2020-05-04,2020-05-04,1
2020-05-04,2020-05-04,1
2020-05-04,2020-05-04,1
2020-05-04,2020-05-05,2
2020-05-05,2020-05-05,1
2020-05-05,2020-05-05,1
2020-05-05,2020-05-05,1
2020-05-05,2020-05-05,1
2020-05-05,2020-05-05,1
2020-05-05,2020-05-05,1
2020-05-05,2020-05-06,2
2020-05-06,2020-05-06,1
2020-05-06,2020-05-06,1
2020-05-06,2020-05-06,1
2020-05-06,2020-05-06,1
2020-05-06,2020-05-06,1
2020-05-06,2020-05-06,1
2020-05-06,2020-05-06,1
2020-05-06,2020-05-07,2
2020-05-07,2020-05-07,1
2020-05-07,2020-05-07,1
2020-05-07,2020-05-07,1
2020-05-07,2020-05-07,1
2020-05-07,2020-05-07,1
2020-05-07,2020-05-07,1
2020-05-07,2020-05-07,1
2020-05-07,2020-05-07,1
2020-05-07,2020-05-08,2
2020-05-08,2020-05-08,1
2020-05-08,2020-05-08,1
2020-05-08,2020-05-08,1
2020-05-08,2020-05-08,1
2020-05-08,2020-05-08,1
2020-05-08,2020-05-08,1
2020-05-08,2020-05-16,9
2020-05-16,2020-05-16,1
2020-05-16,2020-05-16,1
2020-05-16,2020-05-21,6
2020-05-21,2020-05-21,1
2020-05-21,2020-05-21,1
2020-05-21,2020-05-21,1
2020-05-21,2020-05-21,1
2020-05-21,2020-05-24,4
2020-05-24,2020-05-24,1
2020-05-24,2020-05-24,1
2020-05-24,2020-05-25,2
2020-05-25,2020-05-25,1
2020-05-25,2020-05-25,1
2020-05-25,2020-05-25,1
2020-05-25,2020-05-25,1
2020-05-25,2020-05-25,1
2020-05-25,2020-05-26,2
2020-05-26,2020-05-26,1
2020-05-26,2020-05-26,1
2020-05-26,2020-05-26,1
2020-05-26,2020-05-26,1
2020-05-26,2020-05-26,1
2020-05-26,2020-05-26,1
2020-05-26,2020-05-26,1
2020-05-26,2020-05-27,2
2020-05-27,2020-05-27,1
2020-05-27,2020-05-27,1
2020-05-27,2020-05-27,1
2020-05-27,2020-05-27,1
2020-05-27,2020-05-27,1
2020-05-27,2020-05-27,1
2020-05-27,2020-05-28,2
2020-05-28,2020-05-28,1
2020-05-28,2020-05-28,1
2020-05-28,2020-05-28,1
2020-05-28,2020-05-28,1
2020-05-28,2020-05-28,1
2020-05-28,2020-05-31,4
2020-05-31,2020-05-31,1
2020-05-31,2020-06-01,2
2020-06-01,2020-06-01,1
2020-06-01,2020-06-01,1
2020-06-01,2020-06-01,1
2020-06-01,2020-06-02,2
2020-06-02,2020-06-02,1
2020-06-02,2020-06-02,1
2020-06-02,2020-06-02,1
2020-06-02,2020-06-02,1
2020-06-02,2020-06-03,2
2020-06-03,2020-06-03,1
2020-06-03,2020-06-03,1
2020-06-03,2020-06-03,1
2020-06-03,2020-06-03,1
2020-06-03,2020-06-03,1
2020-06-03,2020-06-03,1
2020-06-03,2020-06-04,2
2020-06-04,2020-06-04,1
2020-06-04,2020-06-04,1
2020-06-04,2020-06-04,1
2020-06-04,2020-06-08,5
2020-06-08,2020-06-08,1
2020-06-08,2020-06-08,1
2020-06-08,2020-06-09,2
2020-06-09,2020-06-09,1
2020-06-09,2020-06-09,1
2020-06-09,2020-06-09,1
2020-06-09,2020-06-09,1
2020-06-09,2020-06-09,1
2020-06-09,2020-06-09,1
2020-06-09,2020-06-09,1
2020-06-09,2020-06-09,1
2020-06-09,2020-06-10,2
2020-06-10,2020-06-10,1
2020-06-10,2020-06-10,1
2020-06-10,2020-06-10,1
2020-06-10,2020-06-10,1
2020-06-10,2020-06-10,1
2020-06-10,2020-06-10,1
2020-06-10,2020-06-10,1
2020-06-10,2020-06-10,1
2020-06-10,2020-06-10,1
2020-06-10,2020-06-11,2
2020-06-11,2020-06-11,1
2020-06-11,2020-06-11,1
2020-06-11,2020-06-11,1
2020-06-11,2020-06-11,1
2020-06-11,2020-06-11,1
2020-06-11,2020-06-11,1
2020-06-11,2020-06-11,1
2020-06-11,2020-06-11,1
2020-06-11,2020-06-11,1
2020-06-11,2020-06-12,2
2020-06-12,2020-06-12,1
2020-06-12,2020-06-12,1
2020-06-12,2020-06-12,1
2020-06-12,2020-06-22,11
2020-06-22,2020-06-22,1
2020-06-22,2020-06-22,1
2020-06-22,2020-06-23,2
2020-06-23,2020-06-23,1
2020-06-23,2020-06-23,1
2020-06-23,2020-06-23,1
2020-06-23,2020-06-24,2
2020-06-24,2020-06-24,1
2020-06-24,2020-06-24,1
2020-06-24,2020-06-24,1
2020-06-24,2020-06-25,2
2020-06-25,2020-06-25,1
2020-06-25,2020-06-25,1
2020-06-25,2020-06-26,2
2020-06-26,2020-06-26,1
2020-06-26,2020-06-26,1
2020-06-26,2020-06-26,1
2020-06-26,2020-06-26,1
2020-06-26,2020-06-27,2
2020-06-27,2020-06-27,1
2020-06-27,2020-06-27,1
2020-06-27,2020-06-27,1
2020-06-27,2020-07-02,6
2020-07-02,2020-07-02,1
2020-07-02,2020-07-02,1
2020-07-02,2020-07-03,2
2020-07-03,2020-07-03,1
2020-07-03,2020-07-03,1
2020-07-03,2020-07-03,1
2020-07-03,2020-07-03,1
2020-07-03,2020-07-03,1
2020-07-03,2020-07-04,2
2020-07-04,2020-07-04,1
2020-07-04,2020-07-04,1
2020-07-04,2020-07-04,1
2020-07-04,2020-07-04,1
2020-07-04,2020-07-04,1
2020-07-04,2020-07-04,1
2020-07-04,2020-07-04,1
2020-07-04,2020-07-05,2
2020-07-05,2020-07-05,1
2020-07-05,2020-07-05,1
2020-07-05,2020-07-05,1
2020-07-05,2020-07-05,1
2020-07-05,2020-07-05,1
2020-07-05,2020-07-05,1
2020-07-05,2020-07-05,1
2020-07-05,2020-07-05,1
2020-07-05,2020-07-06,2
2020-07-06,2020-07-06,1
2020-07-06,2020-07-06,1
2020-07-06,2020-07-06,1
2020-07-06,2020-07-06,1
2020-07-06,2020-07-06,1
2020-07-06,2020-07-06,1
2020-07-06,2020-07-06,1
2020-07-06,2020-07-06,1
2020-07-06,2020-07-07,2
2020-07-07,2020-07-07,1
2020-07-07,2020-07-07,1
2020-07-07,2020-07-07,1
2020-07-07,2020-07-07,1
2020-07-07,2020-07-07,1
2020-07-07,2020-07-07,1
2020-07-07,2020-07-07,1
2020-07-07,2020-07-08,2
2020-07-08,2020-07-08,1
2020-07-08,2020-07-08,1
2020-07-08,2020-07-08,1
2020-07-08,2020-07-08,1
2020-07-08,2020-07-08,1
2020-07-08,2020-07-08,1
2020-07-08,2020-07-09,2
2020-07-09,2020-07-09,1
2020-07-09,2020-07-09,1
2020-07-09,2020-07-09,1
2020-07-09,2020-07-09,1
2020-07-09,2020-07-09,1
2020-07-09,2020-07-10,2
2020-07-10,2020-07-10,1
2020-07-10,2020-07-10,1
2020-07-10,2020-07-10,1
2020-07-10,2020-07-10,1
2020-07-10,2020-07-10,1
2020-07-10,2020-07-10,1
2020-07-10,2020-07-10,1
2020-07-10,2020-07-10,1
2020-07-10,2020-07-11,2
2020-07-11,2020-07-11,1
2020-07-11,2020-07-11,1
2020-07-11,2020-07-11,1
2020-07-11,2020-07-11,1
2020-07-11,2020-07-11,1
2020-07-11,2020-07-11,1
2020-07-11,2020-07-11,1
2020-07-11,2020-07-11,1
2020-07-11,2020-07-11,1
2020-07-11,2020-07-11,1
2020-07-11,2020-07-12,2
2020-07-12,2020-07-12,1
2020-07-12,2020-07-12,1
2020-07-12,2020-07-12,1
2020-07-12,2020-07-12,1
2020-07-12,2020-07-12,1
2020-07-12,2020-07-12,1
2020-07-12,2020-07-12,1
2020-07-12,2020-07-12,1
2020-07-12,2020-07-12,1
2020-07-12,2020-07-12,1
2020-07-12,2020-07-12,1
2020-07-12,2020-07-13,2
2020-07-13,2020-07-13,1
2020-07-13,2020-07-13,1
2020-07-13,2020-07-13,1
2020-07-13,2020-07-13,1
2020-07-13,2020-07-13,1
2020-07-13,2020-07-13,1
2020-07-13,2020-07-13,1
2020-07-13,2020-07-13,1
2020-07-13,2020-07-13,1
2020-07-13,2020-07-14,2
2020-07-14,2020-07-14,1
2020-07-14,2020-07-14,1
2020-07-14,2020-07-14,1
2020-07-14,2020-07-15,2
2020-07-15,2020-07-15,1
2020-07-15,2020-07-15,1
2020-07-15,2020-07-16,2
2020-07-16,2020-07-16,1
2020-07-16,2020-07-16,1
2020-07-16,2020-07-17,2
2020-07-17,2020-07-17,1
2020-07-17,2020-07-17,1
2020-07-17,2020-07-17,1
2020-07-17,2020-07-17,1
2020-07-17,2020-07-18,2
2020-07-18,2020-07-18,1
2020-07-18,2020-07-18,1
2020-07-18,2020-07-18,1
2020-07-18,2020-07-18,1
2020-07-18,2020-07-18,1
2020-07-18,2020-07-19,2
2020-07-19,2020-07-19,1
2020-07-19,2020-07-19,1
2020-07-19,2020-07-19,1
2020-07-19,2020-07-19,1
2020-07-19,2020-07-19,1
2020-07-19,2020-07-19,1
2020-07-19,2020-07-19,1
2020-07-19,2020-07-20,2
2020-07-20,2020-07-20,1
2020-07-20,2020-07-20,1
2020-07-20,2020-07-20,1
2020-07-20,2020-07-20,1
2020-07-20,2020-07-20,1
2020-07-20,2020-07-21,2
2020-07-21,2020-07-21,1
2020-07-21,2020-07-21,1
2020-07-21,2020-07-21,1
2020-07-21,2020-07-21,1
2020-07-21,2020-07-22,2
2020-07-22,2020-07-22,1
2020-07-22,2020-07-24,3
2020-07-24,2020-07-25,2
2020-07-25,2020-07-25,1
2020-07-25,2020-07-25,1
2020-07-25,2020-07-25,1
2020-07-25,2020-07-26,2
2020-07-26,2020-07-26,1
2020-07-26,2020-07-26,1
2020-07-26,2020-07-26,1
2020-07-26,2020-07-26,1
2020-07-26,2020-07-26,1
2020-07-26,2020-07-27,2
2020-07-27,2020-07-27,1
2020-07-27,2020-07-27,1
2020-07-27,2020-07-27,1
2020-07-27,2020-07-27,1
2020-07-27,2020-07-27,1
2020-07-27,2020-07-27,1
2020-07-27,2020-07-28,2
2020-07-28,2020-07-28,1
2020-07-28,2020-07-28,1
2020-07-28,2020-07-28,1
2020-07-28,2020-07-28,1
2020-07-28,2020-07-29,2
2020-07-29,2020-07-29,1
2020-07-29,2020-07-29,1
2020-07-29,2020-07-29,1
2020-07-29,2020-07-29,1
2020-07-29,2020-07-29,1
2020-07-29,2020-07-29,1
2020-07-29,2020-07-30,2
2020-07-30,2020-07-30,1
2020-07-30,2020-07-30,1
2020-07-30,2020-07-30,1
2020-07-30,2020-07-30,1
2020-07-30,2020-07-30,1
2020-07-30,2020-07-30,1
2020-07-30,2020-07-31,2
2020-07-31,2020-07-31,1
2020-07-31,2020-07-31,1
2020-07-31,2020-07-31,1
2020-07-31,2020-07-31,1
2020-07-31,2020-07-31,1
2020-07-31,2020-07-31,1
2020-07-31,2020-07-31,1
2020-07-31,2020-07-31,1
2020-07-31,2020-07-31,1
2020-07-31,2020-07-31,1
2020-07-31,2020-08-01,2
2020-08-01,2020-08-01,1
2020-08-01,2020-08-01,1
2020-08-01,2020-08-01,1
2020-08-01,2020-08-01,1
2020-08-01,2020-08-01,1
2020-08-01,2020-08-01,1
2020-08-01,2020-08-01,1
2020-08-01,2020-08-01,1
2020-08-01,2020-08-01,1
2020-08-01,2020-08-01,1
2020-08-01,2020-08-01,1
2020-08-01,2020-08-02,2
2020-08-02,2020-08-02,1
2020-08-02,2020-08-02,1
2020-08-02,2020-08-02,1
2020-08-02,2020-08-02,1
2020-08-02,2020-08-02,1
2020-08-02,2020-08-02,1
2020-08-02,2020-08-02,1
2020-08-02,2020-08-02,1
2020-08-02,2020-08-02,1
2020-08-02,2020-08-03,2
2020-08-03,2020-08-03,1
2020-08-03,2020-08-03,1
2020-08-03,2020-08-03,1
2020-08-03,2020-08-03,1
2020-08-03,2020-08-03,1
2020-08-03,2020-08-03,1
2020-08-03,2020-08-03,1
2020-08-03,2020-08-04,2
2020-08-04,2020-08-04,1
2020-08-04,2020-08-04,1
2020-08-04,2020-08-04,1
2020-08-04,2020-08-04,1
2020-08-04,2020-08-04,1
2020-08-04,2020-08-05,2
2020-08-05,2020-08-06,2
2020-08-06,2020-08-07,2
2020-08-07,2020-08-07,1
2020-08-07,2020-08-07,1
2020-08-07,2020-08-08,2
2020-08-08,2020-08-08,1
2020-08-08,2020-08-08,1
2020-08-08,2020-08-08,1
2020-08-08,2020-08-08,1
2020-08-08,2020-08-09,2
2020-08-09,2020-08-09,1
2020-08-09,2020-08-09,1
2020-08-09,2020-08-09,1
2020-08-09,2020-08-09,1
2020-08-09,2020-08-09,1
2020-08-09,2020-08-10,2
2020-08-10,2020-08-10,1
2020-08-10,2020-08-10,1
2020-08-10,2020-08-10,1
2020-08-10,2020-08-10,1
2020-08-10,2020-08-10,1
2020-08-10,2020-08-10,1
2020-08-10,2020-08-11,2
2020-08-11,2020-08-11,1
2020-08-11,2020-08-11,1
2020-08-11,2020-08-11,1
2020-08-11,2020-08-11,1
2020-08-11,2020-08-11,1
2020-08-11,2020-08-11,1
2020-08-11,2020-08-11,1
2020-08-11,2020-08-12,2
2020-08-12,2020-08-12,1
2020-08-12,2020-08-12,1
2020-08-12,2020-08-12,1
2020-08-12,2020-08-12,1
2020-08-12,2020-08-12,1
2020-08-12,2020-08-12,1
2020-08-12,2020-08-12,1
2020-08-12,2020-08-12,1
2020-08-12,2020-08-13,2
2020-08-13,2020-08-13,1
2020-08-13,2020-08-13,1
2020-08-13,2020-08-13,1
2020-08-13,2020-08-13,1
2020-08-13,2020-08-13,1
2020-08-13,2020-08-13,1
2020-08-13,2020-08-13,1
2020-08-13,2020-08-13,1
2020-08-13,2020-08-14,2
2020-08-14,2020-08-14,1
2020-08-14,2020-08-14,1
2020-08-14,2020-08-14,1
2020-08-14,2020-08-14,1
2020-08-14,2020-08-14,1
2020-08-14,2020-08-14,1
2020-08-14,2020-08-14,1
2020-08-14,2020-08-14,1
2020-08-14,2020-08-14,1
2020-08-14,2020-08-14,1
2020-08-14,2020-08-15,2
2020-08-15,2020-08-15,1
2020-08-15,2020-08-15,1
2020-08-15,2020-08-15,1
2020-08-15,2020-08-15,1
2020-08-15,2020-08-15,1
2020-08-15,2020-08-15,1
2020-08-15,2020-08-15,1
2020-08-15,2020-08-15,1
2020-08-15,2020-08-15,1
2020-08-15,2020-08-15,1
2020-08-15,2020-08-15,1
2020-08-15,2020-08-15,1
2020-08-15,2020-08-16,2
2020-08-16,2020-08-16,1
2020-08-16,2020-08-16,1
2020-08-16,2020-08-16,1
2020-08-16,2020-08-16,1
2020-08-16,2020-08-16,1
2020-08-16,2020-08-16,1
2020-08-16,2020-08-16,1
2020-08-16,2020-08-16,1
2020-08-16,2020-08-16,1
2020-08-16,2020-08-16,1
2020-08-16,2020-08-16,1
2020-08-16,2020-08-17,2
2020-08-17,2020-08-17,1
2020-08-17,2020-08-17,1
2020-08-17,2020-08-17,1
2020-08-17,2020-08-17,1
2020-08-17,2020-08-17,1
2020-08-17,2020-08-17,1
2020-08-17,2020-08-17,1
2020-08-17,2020-08-17,1
2020-08-17,2020-08-17,1
2020-08-17,2020-08-17,1
2020-08-17,2020-08-18,2
2020-08-18,2020-08-18,1
2020-08-18,2020-08-18,1
2020-08-18,2020-08-18,1
2020-08-18,2020-08-18,1
2020-08-18,2020-08-18,1
2020-08-18,2020-08-18,1
2020-08-18,2020-08-18,1
2020-08-18,2020-08-18,1
2020-08-18,2020-08-18,1
2020-08-18,2020-08-18,1
2020-08-18,2020-08-18,1
2020-08-18,2020-08-19,2
2020-08-19,2020-08-19,1
2020-08-19,2020-08-19,1
2020-08-19,2020-08-19,1
2020-08-19,2020-08-19,1
2020-08-19,2020-08-19,1
2020-08-19,2020-08-19,1
2020-08-19,2020-08-19,1
2020-08-19,2020-08-19,1
2020-08-19,2020-08-19,1
2020-08-19,2020-08-19,1
2020-08-19,2020-08-19,1
2020-08-19,2020-08-20,2
2020-08-20,2020-08-20,1
2020-08-20,2020-08-20,1
2020-08-20,2020-08-20,1
2020-08-20,2020-08-20,1
2020-08-20,2020-08-20,1
2020-08-20,2020-08-20,1
2020-08-20,2020-08-20,1
2020-08-20,2020-08-20,1
2020-08-20,2020-08-20,1
2020-08-20,2020-08-20,1
2020-08-20,2020-08-20,1
2020-08-20,2020-08-21,2
2020-08-21,2020-08-21,1
2020-08-21,2020-08-21,1
2020-08-21,2020-08-21,1
2020-08-21,2020-08-21,1
2020-08-21,2020-08-21,1
2020-08-21,2020-08-21,1
2020-08-21,2020-08-21,1
2020-08-21,2020-08-21,1
2020-08-21,2020-08-21,1
2020-08-21,2020-08-22,2
2020-08-22,2020-08-22,1
2020-08-22,2020-08-22,1
2020-08-22,2020-08-22,1
2020-08-22,2020-08-22,1
2020-08-22,2020-08-22,1
2020-08-22,2020-08-22,1
2020-08-22,2020-08-22,1
2020-08-22,2020-08-22,1
2020-08-22,2020-08-22,1
2020-08-22,2020-08-22,1
2020-08-22,2020-08-23,2
2020-08-23,2020-08-23,1
2020-08-23,2020-08-23,1
2020-08-23,2020-08-23,1
2020-08-23,2020-08-23,1
2020-08-23,2020-08-23,1
2020-08-23,2020-08-23,1
2020-08-23,2020-08-23,1
2020-08-23,2020-08-23,1
2020-08-23,2020-08-24,2
2020-08-24,2020-08-24,1
2020-08-24,2020-08-24,1
2020-08-24,2020-08-24,1
2020-08-24,2020-08-24,1
2020-08-24,2020-08-24,1
2020-08-24,2020-08-24,1
2020-08-24,2020-08-24,1
2020-08-24,2020-08-25,2
2020-08-25,2020-08-25,1
2020-08-25,2020-08-25,1
2020-08-25,2020-08-25,1
2020-08-25,2020-08-25,1
2020-08-25,2020-08-25,1
2020-08-25,2020-08-25,1
2020-08-25,2020-08-25,1
2020-08-25,2020-08-25,1
2020-08-25,2020-08-26,2
2020-08-26,2020-08-26,1
2020-08-26,2020-08-26,1
2020-08-26,2020-08-26,1
2020-08-26,2020-08-26,1
2020-08-26,2020-08-26,1
2020-08-26,2020-08-26,1
2020-08-26,2020-08-26,1
2020-08-26,2020-08-26,1
2020-08-26,2020-08-27,2
2020-08-27,2020-08-27,1
2020-08-27,2020-08-27,1
2020-08-27,2020-08-27,1
2020-08-27,2020-08-27,1
2020-08-27,2020-08-27,1
2020-08-27,2020-08-27,1
2020-08-27,2020-08-27,1
2020-08-27,2020-08-27,1
2020-08-27,2020-08-28,2
2020-08-28,2020-08-28,1
2020-08-28,2020-08-28,1
2020-08-28,2020-08-28,1
2020-08-28,2020-08-28,1
2020-08-28,2020-08-28,1
2020-08-28,2020-08-28,1
2020-08-28,2020-08-28,1
2020-08-28,2020-08-28,1
2020-08-28,2020-08-29,2
2020-08-29,2020-08-29,1
2020-08-29,2020-08-29,1
2020-08-29,2020-08-29,1
2020-08-29,2020-08-29,1
2020-08-29,2020-08-29,1
2020-08-29,2020-08-29,1
2020-08-29,2020-08-29,1
2020-08-29,2020-08-30,2
2020-08-30,2020-08-30,1
2020-08-30,2020-08-30,1
2020-08-30,2020-08-30,1
2020-08-30,2020-08-31,2
2020-08-31,2020-08-31,1
2020-08-31,2020-08-31,1
2020-08-31,2020-09-01,2
2020-09-01,2020-09-01,1
2020-09-01,2020-09-01,1
2020-09-01,2020-09-02,2
2020-09-02,2020-09-02,1
2020-09-02,2020-09-02,1
2020-09-02,2020-09-02,1
2020-09-02,2020-09-02,1
2020-09-02,2020-09-03,2
2020-09-03,2020-09-03,1
2020-09-03,2020-09-03,1
2020-09-03,2020-09-03,1
2020-09-03,2020-09-03,1
2020-09-03,2020-09-03,1
2020-09-03,2020-09-04,2
2020-09-04,2020-09-04,1
2020-09-04,2020-09-04,1
2020-09-04,2020-09-04,1
2020-09-04,2020-09-04,1
2020-09-04,2020-09-04,1
2020-09-04,2020-09-04,1
2020-09-04,2020-09-04,1
2020-09-04,2020-09-05,2
2020-09-05,2020-09-05,1
2020-09-05,2020-09-05,1
2020-09-05,2020-09-05,1
2020-09-05,2020-09-05,1
2020-09-05,2020-09-05,1
2020-09-05,2020-09-05,1
2020-09-05,2020-09-05,1
2020-09-05,2020-09-05,1
2020-09-05,2020-09-05,1
2020-09-05,2020-09-05,1
2020-09-05,2020-09-06,2
2020-09-06,2020-09-06,1
2020-09-06,2020-09-06,1
2020-09-06,2020-09-06,1
2020-09-06,2020-09-06,1
2020-09-06,2020-09-06,1
2020-09-06,2020-09-06,1
2020-09-06,2020-09-06,1
2020-09-06,2020-09-06,1
2020-09-06,2020-09-06,1
2020-09-06,2020-09-06,1
2020-09-06,2020-09-06,1
2020-09-06,2020-09-06,1
2020-09-06,2020-09-06,1
2020-09-06,2020-09-06,1
2020-09-06,2020-09-06,1
2020-09-06,2020-09-06,1
2020-09-06,2020-09-06,1
2020-09-06,2020-09-06,1
2020-09-06,2020-09-07,2
2020-09-07,2020-09-07,1
2020-09-07,2020-09-07,1
2020-09-07,2020-09-07,1
2020-09-07,2020-09-07,1
2020-09-07,2020-09-07,1
2020-09-07,2020-09-07,1
2020-09-07,2020-09-07,1
2020-09-07,2020-09-07,1
2020-09-07,2020-09-07,1
2020-09-07,2020-09-07,1
2020-09-07,2020-09-07,1
2020-09-07,2020-09-07,1
2020-09-07,2020-09-07,1
2020-09-07,2020-09-07,1
2020-09-07,2020-09-09,3
2020-09-09,2020-09-09,1
2020-09-09,2020-09-09,1
2020-09-09,2020-09-09,1
2020-09-09,2020-09-09,1
2020-09-09,2020-09-09,1
2020-09-09,2020-09-09,1
2020-09-09,2020-09-10,2
2020-09-10,2020-09-10,1
2020-09-10,2020-09-10,1
2020-09-10,2020-09-10,1
2020-09-10,2020-09-10,1
2020-09-10,2020-09-11,2
2020-09-11,2020-09-11,1
2020-09-11,2020-09-11,1
2020-09-11,2020-09-11,1
2020-09-11,2020-09-11,1
2020-09-11,2020-09-12,2
2020-09-12,2020-09-12,1
2020-09-12,2020-09-12,1
2020-09-12,2020-09-12,1
2020-09-12,2020-09-12,1
2020-09-12,2020-09-12,1
2020-09-12,2020-09-12,1
2020-09-12,2020-09-12,1
2020-09-12,2020-09-13,2
2020-09-13,2020-09-13,1
2020-09-13,2020-09-13,1
2020-09-13,2020-09-13,1
2020-09-13,2020-09-13,1
2020-09-13,2020-09-14,2
2020-09-14,2020-09-14,1
2020-09-14,2020-09-14,1
2020-09-14,2020-09-14,1
2020-09-14,2020-09-14,1
2020-09-14,2020-09-14,1
2020-09-14,2020-09-14,1
2020-09-14,2020-09-15,2
2020-09-15,2020-09-15,1
2020-09-15,2020-09-15,1
2020-09-15,2020-09-15,1
2020-09-15,2020-09-15,1
2020-09-15,2020-09-15,1
2020-09-15,2020-09-15,1
2020-09-15,2020-09-15,1
2020-09-15,2020-09-15,1
2020-09-15,2020-09-16,2
2020-09-16,2020-09-16,1
2020-09-16,2020-09-16,1
2020-09-16,2020-09-16,1
2020-09-16,2020-09-16,1
2020-09-16,2020-09-16,1
2020-09-16,2020-09-16,1
2020-09-16,2020-09-17,2
2020-09-17,2020-09-17,1
2020-09-17,2020-09-17,1
2020-09-17,2020-09-17,1
2020-09-17,2020-09-17,1
2020-09-17,2020-09-17,1
2020-09-17,2020-09-17,1
2020-09-17,2020-09-17,1
2020-09-17,2020-09-17,1
2020-09-17,2020-09-18,2
2020-09-18,2020-09-18,1
2020-09-18,2020-09-18,1
2020-09-18,2020-09-18,1
2020-09-18,2020-09-18,1
2020-09-18,2020-09-18,1
2020-09-18,2020-09-18,1
2020-09-18,2020-09-18,1
2020-09-18,2020-09-18,1
2020-09-18,2020-09-18,1
2020-09-18,2020-09-19,2
2020-09-19,2020-09-19,1
2020-09-19,2020-09-19,1
2020-09-19,2020-09-19,1
2020-09-19,2020-09-19,1
2020-09-19,2020-09-19,1
2020-09-19,2020-09-19,1
2020-09-19,2020-09-19,1
2020-09-19,2020-09-19,1
2020-09-19,2020-09-20,2
2020-09-20,2020-09-20,1
2020-09-20,2020-09-20,1
2020-09-20,2020-09-20,1
2020-09-20,2020-09-20,1
2020-09-20,2020-09-20,1
2020-09-20,2020-09-20,1
2020-09-20,2020-09-21,2
2020-09-21,2020-09-21,1
2020-09-21,2020-09-21,1
2020-09-21,2020-09-21,1
2020-09-21,2020-09-21,1
2020-09-21,2020-09-22,2
2020-09-22,2020-09-22,1
2020-09-22,2020-09-22,1
2020-09-22,2020-09-22,1
2020-09-22,2020-09-22,1
2020-09-22,2020-09-23,2
2020-09-23,2020-09-23,1
2020-09-23,2020-09-23,1
2020-09-23,2020-09-23,1
2020-09-23,2020-09-23,1
2020-09-23,2020-09-23,1
2020-09-23,2020-09-23,1
2020-09-23,2020-09-24,2
2020-09-24,2020-09-24,1
2020-09-24,2020-09-24,1
2020-09-24,2020-09-24,1
2020-09-24,2020-09-24,1
2020-09-24,2020-09-24,1
2020-09-24,2020-09-24,1
2020-09-24,2020-09-25,2
2020-09-25,2020-09-25,1
2020-09-25,2020-09-25,1
2020-09-25,2020-09-25,1
2020-09-25,2020-09-25,1
2020-09-25,2020-09-26,2
2020-09-26,2020-09-26,1
2020-09-26,2020-09-26,1
2020-09-26,2020-09-27,2
2020-09-27,2020-09-27,1
2020-09-27,2020-09-27,1
2020-09-27,2020-09-28,2
2020-09-28,2020-09-28,1
2020-09-28,2020-09-28,1
2020-09-28,2020-09-28,1
2020-09-28,2020-09-28,1
2020-09-28,2020-09-28,1
2020-09-28,2020-09-28,1
2020-09-28,2020-09-29,2
2020-09-29,2020-09-29,1
2020-09-29,2020-09-29,1
2020-09-29,2020-09-29,1
2020-09-29,2020-09-29,1
2020-09-29,2020-09-29,1
2020-09-29,2020-09-29,1
2020-09-29,2020-09-29,1
2020-09-29,2020-09-29,1
2020-09-29,2020-09-30,2
2020-09-30,2020-09-30,1
2020-09-30,2020-09-30,1
2020-09-30,2020-09-30,1
2020-09-30,2020-09-30,1
2020-09-30,2020-09-30,1
2020-09-30,2020-09-30,1
2020-09-30,2020-09-30,1
2020-09-30,2020-09-30,1
2020-09-30,2020-09-30,1
2020-09-30,2020-09-30,1
2020-09-30,2020-10-01,2
2020-10-01,2020-10-01,1
2020-10-01,2020-10-01,1
2020-10-01,2020-10-01,1
2020-10-01,2020-10-01,1
2020-10-01,2020-10-01,1
2020-10-01,2020-10-01,1
2020-10-01,2020-10-01,1
2020-10-01,2020-10-01,1
2020-10-01,2020-10-01,1
2020-10-01,2020-10-01,1
2020-10-01,2020-10-01,1
2020-10-01,2020-10-02,2
2020-10-02,2020-10-02,1
2020-10-02,2020-10-02,1
2020-10-02,2020-10-02,1
2020-10-02,2020-10-02,1
2020-10-02,2020-10-02,1
2020-10-02,2020-10-02,1
2020-10-02,2020-10-02,1
2020-10-02,2020-10-02,1
2020-10-02,2020-10-02,1
2020-10-02,2020-10-03,2
2020-10-03,2020-10-03,1
2020-10-03,2020-10-03,1
2020-10-03,2020-10-03,1
2020-10-03,2020-10-03,1
2020-10-03,2020-10-03,1
2020-10-03,2020-10-03,1
2020-10-03,2020-10-03,1
2020-10-03,2020-10-03,1
2020-10-03,2020-10-04,2
2020-10-04,2020-10-04,1
2020-10-04,2020-10-04,1
2020-10-04,2020-10-04,1
2020-10-04,2020-10-04,1
2020-10-04,2020-10-04,1
2020-10-04,2020-10-04,1
2020-10-04,2020-10-04,1
2020-10-04,2020-10-05,2
2020-10-05,2020-10-05,1
2020-10-05,2020-10-05,1
2020-10-05,2020-10-05,1
2020-10-05,2020-10-05,1
2020-10-05,2020-10-05,1
2020-10-05,2020-10-05,1
2020-10-05,2020-10-05,1
2020-10-05,2020-10-05,1
2020-10-05,2020-10-06,2
2020-10-06,2020-10-06,1
2020-10-06,2020-10-06,1
2020-10-06,2020-10-06,1
2020-10-06,2020-10-06,1
2020-10-06,2020-10-06,1
2020-10-06,2020-10-06,1
2020-10-06,2020-10-07,2
2020-10-07,2020-10-07,1
2020-10-07,2020-10-07,1
2020-10-07,2020-10-07,1
2020-10-07,2020-10-07,1
2020-10-07,2020-10-07,1
2020-10-07,2020-10-12,6
2020-10-12,2020-10-12,1
2020-10-12,2020-10-12,1
2020-10-12,2020-10-12,1
2020-10-12,2020-10-12,1
2020-10-12,2020-10-12,1
2020-10-12,2020-10-13,2
2020-10-13,2020-10-13,1
2020-10-13,2020-10-13,1
2020-10-13,2020-10-13,1
2020-10-13,2020-10-13,1
2020-10-13,2020-10-13,1
2020-10-13,2020-10-13,1
2020-10-13,2020-10-13,1
2020-10-13,2020-10-14,2
2020-10-14,2020-10-14,1
2020-10-14,2020-10-14,1
2020-10-14,2020-10-14,1
2020-10-14,2020-10-14,1
2020-10-14,2020-10-14,1
2020-10-14,2020-10-14,1
2020-10-14,2020-10-14,1
2020-10-14,2020-10-15,2
2020-10-15,2020-10-15,1
2020-10-15,2020-10-15,1
2020-10-15,2020-10-15,1
2020-10-15,2020-10-15,1
2020-10-15,2020-10-15,1
2020-10-15,2020-10-15,1
2020-10-15,2020-10-15,1
2020-10-15,2020-10-15,1
2020-10-15,2020-10-16,2
2020-10-16,2020-10-16,1
2020-10-16,2020-10-16,1
2020-10-16,2020-10-16,1
2020-10-16,2020-10-16,1
2020-10-16,2020-10-16,1
2020-10-16,2020-10-16,1
2020-10-16,2020-10-16,1
2020-10-16,2020-10-16,1
2020-10-16,2020-10-16,1
2020-10-16,2020-10-16,1
2020-10-16,2020-10-17,2
2020-10-17,2020-10-17,1
2020-10-17,2020-10-17,1
2020-10-17,2020-10-17,1
2020-10-17,2020-10-17,1
2020-10-17,2020-10-17,1
2020-10-17,2020-10-17,1
2020-10-17,2020-10-17,1
2020-10-17,2020-10-18,2
2020-10-18,2020-10-18,1
2020-10-18,2020-10-18,1
2020-10-18,2020-10-29,12
2020-10-29,2020-10-29,1
2020-10-29,2020-10-29,1
2020-10-29,2020-10-29,1
2020-10-29,2020-10-30,2
2020-10-30,2020-10-30,1
2020-10-30,2020-10-30,1
2020-10-30,2020-10-30,1
2020-10-30,2020-10-31,2
2020-10-31,2020-10-31,1
2020-10-31,2020-10-31,1
2020-10-31,2020-10-31,1
2020-10-31,2020-10-31,1
2020-10-31,2020-11-01,2
2020-11-01,2020-11-01,1
2020-11-01,2020-11-01,1
2020-11-01,2020-11-01,1
2020-11-01,2020-11-01,1
2020-11-01,2020-11-01,1
2020-11-01,2020-11-02,2
2020-11-02,2020-11-04,3
2020-11-04,2020-11-04,1
2020-11-04,2020-11-04,1
2020-11-04,2020-11-04,1
2020-11-04,2020-11-04,1
2020-11-04,2020-11-05,2
2020-11-05,2020-11-05,1
2020-11-05,2020-11-05,1
2020-11-05,2020-11-05,1
2020-11-05,2020-11-05,1
2020-11-05,2020-11-05,1
2020-11-05,2020-11-15,11
2020-11-15,2020-11-15,1
2020-11-15,2020-11-15,1
2020-11-15,2020-11-16,2
2020-11-16,2020-11-16,1
2020-11-16,2020-11-16,1
2020-11-16,2020-11-16,1
2020-11-16,2020-11-16,1
2020-11-16,2021-01-15,61
2021-01-15,2021-01-15,1
2021-01-15,2021-01-15,1
2021-01-15,2021-01-15,1
2021-01-15,2021-01-15,1
2021-01-15,2021-01-16,2
2021-01-16,2021-01-16,1
2021-01-16,2021-02-04,20
2021-02-04,2021-02-04,1
2021-02-04,2021-03-28,53
2021-03-28,2021-03-28,1
2021-03-28,2021-03-28,1
2021-03-28,2021-03-29,2
2021-03-29,2021-04-14,17
2021-04-14,2021-04-15,2
2021-04-15,2021-04-15,1
2021-04-15,2021-04-19,5
2021-04-19,2021-04-19,1
2021-04-19,2021-04-19,1
2021-04-19,2021-04-19,1
2021-04-19,2021-04-28,10
2021-04-28,2021-04-29,2
2021-04-29,2021-04-29,1
2021-04-29,2021-04-29,1
2021-04-29,2021-04-29,1
2021-04-29,2021-04-29,1
2021-04-29,2021-04-29,1
2021-04-29,2021-04-29,1
2021-04-29,2021-04-30,2
2021-04-30,2021-04-30,1
2021-04-30,2021-04-30,1
2021-04-30,2021-04-30,1
2021-04-30,2021-04-30,1
2021-04-30,2021-04-30,1
2021-04-30,2021-04-30,1
2021-04-30,2021-04-30,1
2021-04-30,2021-05-01,2
2021-05-01,2021-05-04,4
2021-05-04,2021-05-04,1
2021-05-04,2021-05-04,1
2021-05-04,2021-05-04,1
2021-05-04,2021-05-04,1
2021-05-04,2021-05-05,2
2021-05-05,2021-05-05,1
2021-05-05,2021-05-05,1
2021-05-05,2021-05-05,1
2021-05-05,2021-05-05,1
2021-05-05,2021-05-05,1
2021-05-05,2021-05-24,20
2021-05-24,2021-05-24,1
2021-05-24,2021-05-24,1
2021-05-24,2021-05-24,1
2021-05-24,2021-05-24,1
2021-05-24,2021-05-24,1
2021-05-24,2021-05-25,2
2021-05-25,2021-05-25,1
2021-05-25,2021-05-25,1
2021-05-25,2021-05-25,1
2021-05-25,2021-05-25,1
2021-05-25,2021-05-25,1
2021-05-25,2021-05-25,1
2021-05-25,2021-06-01,8
2021-06-01,2021-06-01,1
2021-06-01,2021-06-01,1
2021-06-01,2021-06-01,1
2021-06-01,2021-06-02,2
2021-06-02,2021-06-02,1
2021-06-02,2021-06-02,1
2021-06-02,2021-06-02,1
2021-06-02,2021-06-02,1
2021-06-02,2021-06-03,2
2021-06-03,2021-06-03,1
2021-06-03,2021-06-03,1
2021-06-03,2021-06-03,1
2021-06-03,2021-06-04,2
2021-06-04,2021-06-04,1
2021-06-04,2021-06-04,1
2021-06-04,2021-06-04,1
2021-06-04,2021-06-11,8
2021-06-11,2021-06-11,1
2021-06-11,2021-06-11,1
2021-06-11,2021-06-12,2
2021-06-12,2021-06-12,1
2021-06-12,2021-06-12,1
2021-06-12,2021-06-12,1
2021-06-12,2021-06-12,1
2021-06-12,2021-06-12,1
2021-06-12,2021-06-13,2
2021-06-13,2021-06-13,1
2021-06-13,2021-06-13,1
2021-06-13,2021-06-13,1
2021-06-13,2021-06-13,1
2021-06-13,2021-06-13,1
2021-06-13,2021-06-13,1
2021-06-13,2021-06-14,2
2021-06-14,2021-06-14,1
2021-06-14,2021-06-14,1
2021-06-14,2021-06-14,1
2021-06-14,2021-06-14,1
2021-06-14,2021-06-14,1
2021-06-14,2021-06-14,1
2021-06-14,2021-06-14,1
2021-06-14,2021-06-15,2
2021-06-15,2021-06-15,1
2021-06-15,2021-06-15,1
2021-06-15,2021-06-15,1
2021-06-15,2021-06-15,1
2021-06-15,2021-06-15,1
2021-06-15,2021-06-15,1
2021-06-15,2021-06-15,1
2021-06-15,2021-06-15,1
2021-06-15,2021-06-15,1
2021-06-15,2021-06-16,2
2021-06-16,2021-06-16,1
2021-06-16,2021-06-16,1
2021-06-16,2021-06-16,1
2021-06-16,2021-06-16,1
2021-06-16,2021-06-16,1
2021-06-16,2021-06-16,1
2021-06-16,2021-06-16,1
2021-06-16,2021-06-16,1
2021-06-16,2021-06-16,1
2021-06-16,2021-06-16,1
2021-06-16,2021-06-16,1
2021-06-16,2021-06-16,1
2021-06-16,2021-06-17,2
2021-06-17,2021-06-17,1
2021-06-17,2021-06-17,1
2021-06-17,2021-06-17,1
2021-06-17,2021-06-17,1
2021-06-17,2021-06-17,1
2021-06-17,2021-06-17,1
2021-06-17,2021-06-17,1
2021-06-17,2021-06-18,2
2021-06-18,2021-06-18,1
2021-06-18,2021-06-18,1
2021-06-18,2021-06-18,1
2021-06-18,2021-06-18,1
2021-06-18,2021-06-18,1
2021-06-18,2021-06-18,1
2021-06-18,2021-06-19,2
2021-06-19,2021-06-19,1
2021-06-19,2021-06-19,1
2021-06-19,2021-06-19,1
2021-06-19,2021-06-19,1
2021-06-19,2021-06-19,1
2021-06-19,2021-06-20,2
2021-06-20,2021-06-20,1
2021-06-20,2021-06-20,1
2021-06-20,2021-06-20,1
2021-06-20,2021-06-20,1
2021-06-20,2021-06-20,1
2021-06-20,2021-06-21,2
2021-06-21,2021-06-21,1
2021-06-21,2021-06-21,1
2021-06-21,2021-06-21,1
2021-06-21,2021-06-21,1
2021-06-21,2021-06-22,2
2021-06-22,2021-06-22,1
2021-06-22,2021-06-22,1
2021-06-22,2021-06-22,1
2021-06-22,2021-06-22,1
2021-06-22,2021-06-22,1
2021-06-22,2021-06-23,2
2021-06-23,2021-06-23,1
2021-06-23,2021-06-23,1
2021-06-23,2021-06-23,1
2021-06-23,2021-06-23,1
2021-06-23,2021-06-23,1
2021-06-23,2021-06-23,1
2021-06-23,2021-06-23,1
2021-06-23,2021-06-23,1
2021-06-23,2021-06-24,2
2021-06-24,2021-06-24,1
2021-06-24,2021-06-24,1
2021-06-24,2021-06-25,2
2021-06-25,2021-06-25,1
2021-06-25,2021-06-25,1
2021-06-25,2021-06-26,2
2021-06-26,2021-06-26,1
2021-06-26,2021-06-26,1
2021-06-26,2021-06-26,1
2021-06-26,2021-06-26,1
2021-06-26,2021-06-26,1
2021-06-26,2021-06-27,2
2021-06-27,2021-06-27,1
2021-06-27,2021-06-27,1
2021-06-27,2021-06-27,1
2021-06-27,2021-06-27,1
2021-06-27,2021-06-27,1
2021-06-27,2021-06-27,1
2021-06-27,2021-06-27,1
2021-06-27,2021-06-28,2
2021-06-28,2021-06-28,1
2021-06-28,2021-06-28,1
2021-06-28,2021-06-28,1
2021-06-28,2021-06-28,1
2021-06-28,2021-06-28,1
2021-06-28,2021-06-28,1
2021-06-28,2021-06-28,1
2021-06-28,2021-06-29,2
2021-06-29,2021-06-29,1
2021-06-29,2021-06-29,1
2021-06-29,2021-06-29,1
2021-06-29,2021-06-30,2
2021-06-30,2021-06-30,1
2021-06-30,2021-06-30,1
2021-06-30,2021-06-30,1
2021-06-30,2021-06-30,1
2021-06-30,2021-07-01,2
2021-07-01,2021-07-01,1
2021-07-01,2021-07-01,1
2021-07-01,2021-07-01,1
2021-07-01,2021-07-01,1
2021-07-01,2021-07-02,2
2021-07-02,2021-07-02,1
2021-07-02,2021-07-02,1
2021-07-02,2021-07-02,1
2021-07-02,2021-07-02,1
2021-07-02,2021-07-02,1
2021-07-02,2021-07-02,1
2021-07-02,2021-07-02,1
2021-07-02,2021-07-03,2
2021-07-03,2021-07-03,1
2021-07-03,2021-07-03,1
2021-07-03,2021-07-03,1
2021-07-03,2021-07-03,1
2021-07-03,2021-07-03,1
2021-07-03,2021-07-03,1
2021-07-03,2021-07-04,2
2021-07-04,2021-07-04,1
2021-07-04,2021-07-04,1
2021-07-04,2021-07-04,1
2021-07-04,2021-07-04,1
2021-07-04,2021-07-04,1
2021-07-04,2021-07-05,2
2021-07-05,2021-07-05,1
2021-07-05,2021-07-05,1
2021-07-05,2021-07-05,1
2021-07-05,2021-07-05,1
2021-07-05,2021-07-05,1
2021-07-05,2021-07-06,2
2021-07-06,2021-07-06,1
2021-07-06,2021-07-06,1
2021-07-06,2021-07-06,1
2021-07-06,2021-07-06,1
2021-07-06,2021-07-06,1
2021-07-06,2021-07-06,1
2021-07-06,2021-07-07,2
2021-07-07,2021-07-07,1
2021-07-07,2021-07-07,1
2021-07-07,2021-07-07,1
2021-07-07,2021-07-07,1
2021-07-07,2021-07-07,1
2021-07-07,2021-07-07,1
2021-07-07,2021-07-07,1
2021-07-07,2021-07-08,2
2021-07-08,2021-07-08,1
2021-07-08,2021-07-08,1
2021-07-08,2021-07-08,1
2021-07-08,2021-07-08,1
2021-07-08,2021-07-08,1
2021-07-08,2021-07-08,1
2021-07-08,2021-07-08,1
2021-07-08,2021-07-09,2
2021-07-09,2021-07-09,1
2021-07-09,2021-07-09,1
2021-07-09,2021-07-09,1
2021-07-09,2021-07-09,1
2021-07-09,2021-07-09,1
2021-07-09,2021-07-09,1
2021-07-09,2021-07-09,1
2021-07-09,2021-07-10,2
2021-07-10,2021-07-10,1
2021-07-10,2021-07-10,1
2021-07-10,2021-07-10,1
2021-07-10,2021-07-10,1
2021-07-10,2021-07-10,1
2021-07-10,2021-07-10,1
2021-07-10,2021-07-10,1
2021-07-10,2021-07-10,1
2021-07-10,2021-07-10,1
2021-07-10,2021-07-11,2
2021-07-11,2021-07-11,1
2021-07-11,2021-07-11,1
2021-07-11,2021-07-11,1
2021-07-11,2021-07-11,1
2021-07-11,2021-07-11,1
2021-07-11,2021-07-11,1
2021-07-11,2021-07-11,1
2021-07-11,2021-07-12,2
2021-07-12,2021-07-12,1
2021-07-12,2021-07-12,1
2021-07-12,2021-07-12,1
2021-07-12,2021-07-12,1
2021-07-12,2021-07-12,1
2021-07-12,2021-07-13,2
2021-07-13,2021-07-13,1
2021-07-13,2021-07-13,1
2021-07-13,2021-07-13,1
2021-07-13,2021-07-13,1
2021-07-13,2021-07-13,1
2021-07-13,2021-07-13,1
2021-07-13,2021-07-14,2
2021-07-14,2021-07-14,1
2021-07-14,2021-07-14,1
2021-07-14,2021-07-14,1
2021-07-14,2021-07-14,1
2021-07-14,2021-07-14,1
2021-07-14,2021-07-14,1
2021-07-14,2021-07-14,1
2021-07-14,2021-07-14,1
2021-07-14,2021-07-15,2
2021-07-15,2021-07-15,1
2021-07-15,2021-07-15,1
2021-07-15,2021-07-15,1
2021-07-15,2021-07-15,1
2021-07-15,2021-07-15,1
2021-07-15,2021-07-15,1
2021-07-15,2021-07-16,2
2021-07-16,2021-07-16,1
2021-07-16,2021-07-16,1
2021-07-16,2021-07-16,1
2021-07-16,2021-07-16,1
2021-07-16,2021-07-16,1
2021-07-16,2021-07-16,1
2021-07-16,2021-07-16,1
2021-07-16,2021-07-17,2
2021-07-17,2021-07-17,1
2021-07-17,2021-07-17,1
2021-07-17,2021-07-17,1
2021-07-17,2021-07-17,1
2021-07-17,2021-07-17,1
2021-07-17,2021-07-17,1
2021-07-17,2021-07-17,1
2021-07-17,2021-07-18,2
2021-07-18,2021-07-18,1
2021-07-18,2021-07-18,1
2021-07-18,2021-07-18,1
2021-07-18,2021-07-18,1
2021-07-18,2021-07-18,1
2021-07-18,2021-07-18,1
2021-07-18,2021-07-18,1
2021-07-18,2021-07-19,2
2021-07-19,2021-07-19,1
2021-07-19,2021-07-19,1
2021-07-19,2021-07-19,1
2021-07-19,2021-07-19,1
2021-07-19,2021-07-19,1
2021-07-19,2021-07-19,1
2021-07-19,2021-07-19,1
2021-07-19,2021-07-19,1
2021-07-19,2021-07-20,2
2021-07-20,2021-07-20,1
2021-07-20,2021-07-20,1
2021-07-20,2021-07-20,1
2021-07-20,2021-07-20,1
2021-07-20,2021-07-20,1
2021-07-20,2021-07-20,1
2021-07-20,2021-07-20,1
2021-07-20,2021-07-20,1
2021-07-20,2021-07-21,2
2021-07-21,2021-07-21,1
2021-07-21,2021-07-21,1
2021-07-21,2021-07-21,1
2021-07-21,2021-07-21,1
2021-07-21,2021-07-21,1
2021-07-21,2021-07-21,1
2021-07-21,2021-07-21,1
2021-07-21,2021-07-21,1
2021-07-21,2021-07-22,2
2021-07-22,2021-07-22,1
2021-07-22,2021-07-22,1
2021-07-22,2021-07-22,1
2021-07-22,2021-07-22,1
2021-07-22,2021-07-22,1
2021-07-22,2021-07-22,1
2021-07-22,2021-07-22,1
2021-07-22,2021-07-23,2
2021-07-23,2021-07-23,1
2021-07-23,2021-07-23,1
2021-07-23,2021-07-23,1
2021-07-23,2021-07-23,1
2021-07-23,2021-07-23,1
2021-07-23,2021-07-23,1
2021-07-23,2021-07-24,2
2021-07-24,2021-07-24,1
2021-07-24,2021-07-24,1
2021-07-24,2021-07-24,1
2021-07-24,2021-07-24,1
2021-07-24,2021-07-25,2
2021-07-25,2021-07-25,1
2021-07-25,2021-07-25,1
2021-07-25,2021-07-26,2
2021-07-26,2021-07-26,1
2021-07-26,2021-07-27,2
2021-07-27,2021-07-27,1
2021-07-27,2021-07-27,1
2021-07-27,2021-07-27,1
2021-07-27,2021-07-27,1
2021-07-27,2021-07-27,1
2021-07-27,2021-07-28,2
2021-07-28,2021-07-28,1
2021-07-28,2021-07-28,1
2021-07-28,2021-07-28,1
2021-07-28,2021-07-28,1
2021-07-28,2021-07-28,1
2021-07-28,2021-07-28,1
2021-07-28,2021-07-28,1
2021-07-28,2021-07-28,1
2021-07-28,2021-07-29,2
2021-07-29,2021-07-29,1
2021-07-29,2021-07-29,1
2021-07-29,2021-07-29,1
2021-07-29,2021-07-29,1
2021-07-29,2021-07-29,1
2021-07-29,2021-07-29,1
2021-07-29,2021-07-29,1
2021-07-29,2021-07-29,1
2021-07-29,2021-07-30,2
2021-07-30,2021-07-30,1
2021-07-30,2021-07-30,1
2021-07-30,2021-07-30,1
2021-07-30,2021-07-30,1
2021-07-30,2021-07-30,1
2021-07-30,2021-07-30,1
2021-07-30,2021-07-30,1
2021-07-30,2021-07-30,1
2021-07-30,2021-07-31,2
2021-07-31,2021-07-31,1
2021-07-31,2021-07-31,1
2021-07-31,2021-07-31,1
2021-07-31,2021-07-31,1
2021-07-31,2021-07-31,1
2021-07-31,2021-07-31,1
2021-07-31,2021-07-31,1
2021-07-31,2021-07-31,1
2021-07-31,2021-08-01,2
2021-08-01,2021-08-01,1
2021-08-01,2021-08-01,1
2021-08-01,2021-08-01,1
2021-08-01,2021-08-01,1
2021-08-01,2021-08-01,1
2021-08-01,2021-08-01,1
2021-08-01,2021-08-01,1
2021-08-01,2021-08-01,1
2021-08-01,2021-08-02,2
2021-08-02,2021-08-02,1
2021-08-02,2021-08-02,1
2021-08-02,2021-08-02,1
2021-08-02,2021-08-02,1
2021-08-02,2021-08-02,1
2021-08-02,2021-08-02,1
2021-08-02,2021-08-02,1
2021-08-02,2021-08-02,1
2021-08-02,2021-08-03,2
2021-08-03,2021-08-03,1
2021-08-03,2021-08-03,1
2021-08-03,2021-08-03,1
2021-08-03,2021-08-03,1
2021-08-03,2021-08-03,1
2021-08-03,2021-08-03,1
2021-08-03,2021-08-03,1
2021-08-03,2021-08-03,1
2021-08-03,2021-08-03,1
2021-08-03,2021-08-03,1
2021-08-03,2021-08-04,2
2021-08-04,2021-08-04,1
2021-08-04,2021-08-04,1
2021-08-04,2021-08-04,1
2021-08-04,2021-08-04,1
2021-08-04,2021-08-04,1
2021-08-04,2021-08-04,1
2021-08-04,2021-08-04,1
2021-08-04,2021-08-04,1
2021-08-04,2021-08-05,2
2021-08-05,2021-08-05,1
2021-08-05,2021-08-05,1
2021-08-05,2021-08-05,1
2021-08-05,2021-08-05,1
2021-08-05,2021-08-05,1
2021-08-05,2021-08-05,1
2021-08-05,2021-08-05,1
2021-08-05,2021-08-05,1
2021-08-05,2021-08-06,2
2021-08-06,2021-08-06,1
2021-08-06,2021-08-06,1
2021-08-06,2021-08-06,1
2021-08-06,2021-08-06,1
2021-08-06,2021-08-06,1
2021-08-06,2021-08-06,1
2021-08-06,2021-08-06,1
2021-08-06,2021-08-07,2
2021-08-07,2021-08-07,1
2021-08-07,2021-08-07,1
2021-08-07,2021-08-07,1
2021-08-07,2021-08-07,1
2021-08-07,2021-08-08,2
2021-08-08,2021-08-08,1
2021-08-08,2021-08-08,1
2021-08-08,2021-08-08,1
2021-08-08,2021-08-09,2
2021-08-09,2021-08-09,1
2021-08-09,2021-08-09,1
2021-08-09,2021-08-09,1
2021-08-09,2021-08-09,1
2021-08-09,2021-08-09,1
2021-08-09,2021-08-10,2
2021-08-10,2021-08-10,1
2021-08-10,2021-08-10,1
2021-08-10,2021-08-10,1
2021-08-10,2021-08-10,1
2021-08-10,2021-08-10,1
2021-08-10,2021-08-10,1
2021-08-10,2021-08-10,1
2021-08-10,2021-08-11,2
2021-08-11,2021-08-11,1
2021-08-11,2021-08-11,1
2021-08-11,2021-08-11,1
2021-08-11,2021-08-11,1
2021-08-11,2021-08-11,1
2021-08-11,2021-08-11,1
2021-08-11,2021-08-11,1
2021-08-11,2021-08-11,1
2021-08-11,2021-08-12,2
2021-08-12,2021-08-12,1
2021-08-12,2021-08-12,1
2021-08-12,2021-08-12,1
2021-08-12,2021-08-12,1
2021-08-12,2021-08-12,1
2021-08-12,2021-08-12,1
2021-08-12,2021-08-12,1
2021-08-12,2021-08-12,1
2021-08-12,2021-08-13,2
2021-08-13,2021-08-13,1
2021-08-13,2021-08-13,1
2021-08-13,2021-08-13,1
2021-08-13,2021-08-13,1
2021-08-13,2021-08-13,1
2021-08-13,2021-08-13,1
2021-08-13,2021-08-13,1
2021-08-13,2021-08-13,1
2021-08-13,2021-08-14,2
2021-08-14,2021-08-14,1
2021-08-14,2021-08-14,1
2021-08-14,2021-08-14,1
2021-08-14,2021-08-14,1
2021-08-14,2021-08-14,1
2021-08-14,2021-08-14,1
2021-08-14,2021-08-15,2
2021-08-15,2021-08-15,1
2021-08-15,2021-08-15,1
2021-08-15,2021-08-15,1
2021-08-15,2021-08-15,1
2021-08-15,2021-08-15,1
2021-08-15,2021-08-15,1
2021-08-15,2021-08-16,2
2021-08-16,2021-08-16,1
2021-08-16,2021-08-16,1
2021-08-16,2021-08-16,1
2021-08-16,2021-08-16,1
2021-08-16,2021-08-16,1
2021-08-16,2021-08-16,1
2021-08-16,2021-08-16,1
2021-08-16,2021-08-17,2
2021-08-17,2021-08-17,1
2021-08-17,2021-08-17,1
2021-08-17,2021-08-17,1
2021-08-17,2021-08-17,1
2021-08-17,2021-08-17,1
2021-08-17,2021-08-24,8
2021-08-24,2021-08-24,1
2021-08-24,2021-08-24,1
2021-08-24,2021-08-24,1
2021-08-24,2021-08-24,1
2021-08-24,2021-08-25,2
2021-08-25,2021-08-25,1
2021-08-25,2021-08-25,1
2021-08-25,2021-08-25,1
2021-08-25,2021-08-25,1
2021-08-25,2021-08-25,1
2021-08-25,2021-08-26,2
2021-08-26,2021-08-26,1
2021-08-26,2021-08-26,1
2021-08-26,2021-08-26,1
2021-08-26,2021-08-26,1
2021-08-26,2021-08-26,1
2021-08-26,2021-08-26,1
2021-08-26,2021-08-26,1
2021-08-26,2021-08-26,1
2021-08-26,2021-08-27,2
2021-08-27,2021-08-27,1
2021-08-27,2021-08-27,1
2021-08-27,2021-08-27,1
2021-08-27,2021-08-27,1
2021-08-27,2021-08-27,1
2021-08-27,2021-08-27,1
2021-08-27,2021-08-27,1
2021-08-27,2021-08-27,1
2021-08-27,2021-08-27,1
2021-08-27,2021-08-28,2
2021-08-28,2021-08-28,1
2021-08-28,2021-08-28,1
2021-08-28,2021-08-28,1
2021-08-28,2021-08-28,1
2021-08-28,2021-08-28,1
2021-08-28,2021-08-28,1
2021-08-28,2021-08-28,1
2021-08-28,2021-08-28,1
2021-08-28,2021-08-28,1
2021-08-28,2021-08-29,2
2021-08-29,2021-08-29,1
2021-08-29,2021-08-29,1
2021-08-29,2021-08-29,1
2021-08-29,2021-08-29,1
2021-08-29,2021-08-29,1
2021-08-29,2021-08-29,1
2021-08-29,2021-08-29,1
2021-08-29,2021-08-30,2
2021-08-30,2021-08-30,1
2021-08-30,2021-08-30,1
2021-08-30,2021-08-30,1
2021-08-30,2021-08-30,1
2021-08-30,2021-08-30,1
2021-08-30,2021-08-30,1
2021-08-30,2021-09-03,5
2021-09-03,2021-09-03,1
2021-09-03,2021-09-03,1
2021-09-03,2021-09-03,1
2021-09-03,2021-09-03,1
2021-09-03,2021-09-04,2
2021-09-04,2021-09-04,1
2021-09-04,2021-09-04,1
2021-09-04,2021-09-04,1
2021-09-04,2021-09-04,1
2021-09-04,2021-09-04,1
2021-09-04,2021-09-04,1
2021-09-04,2021-09-04,1
2021-09-04,2021-09-05,2
2021-09-05,2021-09-05,1
2021-09-05,2021-09-05,1
2021-09-05,2021-09-05,1
2021-09-05,2021-09-05,1
2021-09-05,2021-09-05,1
2021-09-05,2021-09-05,1
2021-09-05,2021-09-05,1
2021-09-05,2021-09-05,1
2021-09-05,2021-09-05,1
2021-09-05,2021-09-05,1
2021-09-05,2021-09-06,2
2021-09-06,2021-09-06,1
2021-09-06,2021-09-06,1
2021-09-06,2021-09-06,1
2021-09-06,2021-09-06,1
2021-09-06,2021-09-06,1
2021-09-06,2021-09-06,1
2021-09-06,2021-09-06,1
2021-09-06,2021-09-06,1
2021-09-06,2021-09-06,1
2021-09-06,2021-09-07,2
2021-09-07,2021-09-07,1
2021-09-07,2021-09-07,1
2021-09-07,2021-09-07,1
2021-09-07,2021-09-07,1
2021-09-07,2021-09-07,1
2021-09-07,2021-09-07,1
2021-09-07,2021-09-08,2
2021-09-08,2021-09-08,1
2021-09-08,2021-09-08,1
2021-09-08,2021-09-08,1
2021-09-08,2021-09-08,1
2021-09-08,2021-09-08,1
2021-09-08,2021-09-08,1
2021-09-08,2021-09-09,2
2021-09-09,2021-09-09,1
2021-09-09,2021-09-09,1
2021-09-09,2021-09-09,1
2021-09-09,2021-09-09,1
2021-09-09,2021-09-09,1
2021-09-09,2021-09-09,1
2021-09-09,2021-09-09,1
2021-09-09,2021-09-09,1
2021-09-09,2021-09-10,2
2021-09-10,2021-09-10,1
2021-09-10,2021-09-10,1
2021-09-10,2021-09-10,1
2021-09-10,2021-09-10,1
2021-09-10,2021-09-10,1
2021-09-10,2021-09-10,1
2021-09-10,2021-09-10,1
2021-09-10,2021-09-10,1
2021-09-10,2021-09-11,2
2021-09-11,2021-09-11,1
2021-09-11,2021-09-11,1
2021-09-11,2021-09-11,1
2021-09-11,2021-09-11,1
2021-09-11,2021-09-11,1
2021-09-11,2021-09-11,1
2021-09-11,2021-09-11,1
2021-09-11,2021-09-11,1
2021-09-11,2021-09-12,2
2021-09-12,2021-09-12,1
2021-09-12,2021-09-12,1
2021-09-12,2021-09-12,1
2021-09-12,2021-09-12,1
2021-09-12,2021-09-12,1
2021-09-12,2021-09-12,1
2021-09-12,2021-09-12,1
2021-09-12,2021-09-12,1
2021-09-12,2021-09-13,2
2021-09-13,2021-09-13,1
2021-09-13,2021-09-13,1
2021-09-13,2021-09-13,1
2021-09-13,2021-09-13,1
2021-09-13,2021-09-13,1
2021-09-13,2021-09-13,1
2021-09-13,2021-09-13,1
2021-09-13,2021-09-13,1
2021-09-13,2021-09-14,2
2021-09-14,2021-09-14,1
2021-09-14,2021-09-14,1
2021-09-14,2021-09-14,1
2021-09-14,2021-09-14,1
2021-09-14,2021-09-14,1
2021-09-14,2021-09-14,1
2021-09-14,2021-09-15,2
2021-09-15,2021-09-15,1
2021-09-15,2021-09-15,1
2021-09-15,2021-09-20,6
2021-09-20,2021-09-20,1
2021-09-20,2021-09-20,1
2021-09-20,2021-09-20,1
2021-09-20,2021-09-20,1
2021-09-20,2021-09-21,2
2021-09-21,2021-09-21,1
2021-09-21,2021-09-21,1
2021-09-21,2021-09-21,1
2021-09-21,2021-09-21,1
2021-09-21,2021-09-21,1
2021-09-21,2021-09-21,1
2021-09-21,2021-09-21,1
2021-09-21,2021-09-22,2
2021-09-22,2021-09-22,1
2021-09-22,2021-09-22,1
2021-09-22,2021-09-22,1
2021-09-22,2021-09-22,1
2021-09-22,2021-09-22,1
2021-09-22,2021-09-22,1
2021-09-22,2021-09-22,1
2021-09-22,2021-09-22,1
2021-09-22,2021-09-22,1
2021-09-22,2021-09-22,1
2021-09-22,2021-09-23,2
2021-09-23,2021-09-23,1
2021-09-23,2021-09-23,1
2021-09-23,2021-09-23,1
2021-09-23,2021-09-23,1
2021-09-23,2021-09-23,1
2021-09-23,2021-09-23,1
2021-09-23,2021-09-25,3
2021-09-25,2021-09-30,6
2021-09-30,2021-09-30,1
2021-09-30,2021-09-30,1
2021-09-30,2021-09-30,1
2021-09-30,2021-09-30,1
2021-09-30,2021-09-30,1
2021-09-30,2021-09-30,1
2021-09-30,2021-10-01,2
2021-10-01,2021-10-01,1
2021-10-01,2021-10-01,1
2021-10-01,2021-10-01,1
2021-10-01,2021-10-01,1
2021-10-01,2021-10-01,1
2021-10-01,2021-10-01,1
2021-10-01,2021-10-01,1
2021-10-01,2021-10-01,1
2021-10-01,2021-10-02,2
2021-10-02,2021-10-02,1
2021-10-02,2021-10-02,1
2021-10-02,2021-10-02,1
2021-10-02,2021-10-02,1
2021-10-02,2021-10-02,1
2021-10-02,2021-10-03,2
2021-10-03,2021-10-03,1
2021-10-03,2021-10-03,1
2021-10-03,2021-10-03,1
2021-10-03,2021-10-03,1
2021-10-03,2021-10-03,1
2021-10-03,2021-10-03,1
2021-10-03,2021-10-03,1
2021-10-03,2021-10-04,2
2021-10-04,2021-10-04,1
2021-10-04,2021-10-04,1
2021-10-04,2021-10-04,1
2021-10-04,2021-10-04,1
2021-10-04,2021-10-04,1
2021-10-04,2021-10-15,12
2021-10-15,2021-10-15,1
2021-10-15,2021-10-16,2
2021-10-16,2021-10-16,1
2021-10-16,2021-10-16,1
2021-10-16,2021-10-16,1
2021-10-16,2021-10-16,1
2021-10-16,2021-10-27,12
2021-10-27,2021-10-27,1
2021-10-27,2021-10-27,1
2021-10-27,2021-10-27,1
2021-10-27,2021-10-28,2
2021-10-28,2021-10-28,1
2021-10-28,2021-10-28,1
2021-10-28,2021-10-28,1
2021-10-28,2021-10-28,1
2021-10-28,2021-10-28,1
2021-10-28,2021-10-28,1
2021-10-28,2021-10-29,2
2021-10-29,2021-10-29,1
2021-10-29,2021-10-29,1
2021-10-29,2021-10-29,1
2021-10-29,2021-10-29,1
2021-10-29,2021-10-29,1
2021-10-29,2021-10-29,1
2021-10-29,2021-11-05,8
2021-11-05,2021-11-05,1
2021-11-05,2021-11-05,1
2021-11-05,2021-11-11,7
2021-11-11,2021-11-11,1
2021-11-11,2021-11-11,1
2021-11-11,2021-11-11,1
2021-11-11,2021-11-11,1
2021-11-11,2021-11-11,1
2021-11-11,2021-11-12,2
2021-11-12,2021-11-12,1
2021-11-12,2021-11-12,1
2021-11-12,2021-11-12,1
2021-11-12,2021-11-12,1
2021-11-12,2021-11-12,1
2021-11-12,2021-11-13,2
2021-11-13,2021-11-13,1
2021-11-13,2021-11-13,1
2021-11-13,2021-11-13,1
2021-11-13,2021-11-13,1
2021-11-13,2021-11-13,1
2021-11-13,2021-11-14,2
2021-11-14,2021-11-14,1
2021-11-14,2021-11-14,1
2021-11-14,2021-11-14,1
2021-11-14,2021-11-14,1
2021-11-14,2021-11-15,2
2021-11-15,2021-11-15,1
2021-11-15,2021-11-30,16
2021-11-30,2021-11-30,1
2021-11-30,2021-11-30,1
2021-11-30,2021-11-30,1
2021-11-30,2021-11-30,1
2021-11-30,2021-12-01,2
2021-12-01,2021-12-01,1
2021-12-01,2021-12-01,1
2021-12-01,2021-12-01,1
2021-12-01,2022-02-11,73
2022-02-11,2022-02-11,1
2022-02-11,2022-02-11,1
2022-02-11,2022-02-12,2
2022-02-12,2022-02-12,1
2022-02-12,2022-02-12,1
2022-02-12,2022-02-12,1
2022-02-12,2022-03-01,18
2022-03-01,2022-03-01,1
2022-03-01,2022-03-01,1
2022-03-01,2022-03-01,1
2022-03-01,2022-03-01,1
2022-03-01,2022-03-02,2
2022-03-02,2022-03-02,1
2022-03-02,2022-03-22,21
2022-03-22,2022-03-22,1
2022-03-22,2022-03-22,1
2022-03-22,2022-03-22,1
2022-03-22,2022-03-23,2
2022-03-23,2022-03-23,1
2022-03-23,2022-03-23,1
2022-03-23,2022-03-23,1
2022-03-23,2022-03-23,1
2022-03-23,2022-03-24,2
2022-03-24,2022-03-24,1
2022-03-24,2022-03-24,1
2022-03-24,2022-03-24,1
2022-03-24,2022-03-24,1
2022-03-24,2022-03-25,2
2022-03-25,2022-03-25,1
2022-03-25,2022-03-25,1
2022-03-25,2022-03-25,1
2022-03-25,2022-03-25,1
2022-03-25,2022-04-06,13
2022-04-06,2022-04-06,1
2022-04-06,2022-04-06,1
2022-04-06,2022-04-06,1
2022-04-06,2022-04-06,1
2022-04-06,2022-04-06,1
2022-04-06,2022-04-06,1
2022-04-06,2022-04-07,2
2022-04-07,2022-04-07,1
2022-04-07,2022-04-07,1
2022-04-07,2022-04-07,1
2022-04-07,2022-04-07,1
2022-04-07,2022-04-07,1
2022-04-07,2022-04-07,1
2022-04-07,2022-04-07,1
2022-04-07,2022-04-07,1
2022-04-07,2022-04-07,1
2022-04-07,2022-04-08,2
2022-04-08,2022-04-08,1
2022-04-08,2022-04-08,1
2022-04-08,2022-04-08,1
2022-04-08,2022-04-08,1
2022-04-08,2022-04-08,1
2022-04-08,2022-04-08,1
2022-04-08,2022-04-08,1
2022-04-08,2022-04-08,1
2022-04-08,2022-04-08,1
2022-04-08,2022-04-08,1
2022-04-08,2022-04-09,2
2022-04-09,2022-04-09,1
2022-04-09,2022-04-09,1
2022-04-09,2022-04-09,1
2022-04-09,2022-04-09,1
2022-04-09,2022-04-09,1
2022-04-09,2022-04-25,17
2022-04-25,2022-04-25,1
2022-04-25,2022-04-25,1
2022-04-25,2022-04-25,1
2022-04-25,2022-04-25,1
2022-04-25,2022-05-04,10
2022-05-04,2022-05-04,1
2022-05-04,2022-05-04,1
2022-05-04,2022-05-04,1
2022-05-04,2022-05-05,2
2022-05-05,2022-05-05,1
2022-05-05,2022-05-05,1
2022-05-05,2022-05-13,9
2022-05-13,2022-05-13,1
2022-05-13,2022-05-13,1
2022-05-13,2022-05-13,1
2022-05-13,2022-05-13,1
2022-05-13,2022-05-13,1
2022-05-13,2022-05-14,2
2022-05-14,2022-05-14,1
2022-05-14,2022-05-14,1
2022-05-14,2022-05-14,1
2022-05-14,2022-05-14,1
2022-05-14,2022-05-14,1
2022-05-14,2022-05-14,1
2022-05-14,2022-05-14,1
2022-05-14,2022-05-15,2
2022-05-15,2022-05-15,1
2022-05-15,2022-05-15,1
2022-05-15,2022-05-15,1
2022-05-15,2022-05-15,1
2022-05-15,2022-05-15,1
2022-05-15,2022-05-24,10
2022-05-24,2022-05-24,1
2022-05-24,2022-05-24,1
2022-05-24,2022-05-25,2
2022-05-25,2022-05-26,2
2022-05-26,2022-06-01,7
2022-06-01,2022-06-01,1
2022-06-01,2022-06-01,1
2022-06-01,2022-06-01,1
2022-06-01,2022-06-01,1
2022-06-01,2022-06-02,2
2022-06-02,2022-06-02,1
2022-06-02,2022-06-02,1
2022-06-02,2022-06-02,1
2022-06-02,2022-06-06,5
2022-06-06,2022-06-06,1
2022-06-06,2022-06-07,2
2022-06-07,2022-06-07,1
2022-06-07,2022-06-07,1
2022-06-07,2022-06-07,1
2022-06-07,2022-06-08,2
2022-06-08,2022-06-08,1
2022-06-08,2022-06-08,1
2022-06-08,2022-06-08,1
2022-06-08,2022-06-08,1
2022-06-08,2022-06-09,2
2022-06-09,2022-06-09,1
2022-06-09,2022-06-09,1
2022-06-09,2022-06-09,1
2022-06-09,2022-06-09,1
2022-06-09,2022-06-09,1
2022-06-09,2022-06-10,2
2022-06-10,2022-06-10,1
2022-06-10,2022-06-10,1
2022-06-10,2022-06-10,1
2022-06-10,2022-06-10,1
2022-06-10,2022-06-10,1
2022-06-10,2022-06-10,1
2022-06-10,2022-06-10,1
2022-06-10,2022-06-11,2
2022-06-11,2022-06-11,1
2022-06-11,2022-06-11,1
2022-06-11,2022-06-11,1
2022-06-11,2022-06-11,1
2022-06-11,2022-06-11,1
2022-06-11,2022-06-11,1
2022-06-11,2022-06-11,1
2022-06-11,2022-06-11,1
2022-06-11,2022-06-12,2
2022-06-12,2022-06-12,1
2022-06-12,2022-06-12,1
2022-06-12,2022-06-12,1
2022-06-12,2022-06-12,1
2022-06-12,2022-06-12,1
2022-06-12,2022-06-12,1
2022-06-12,2022-06-12,1
2022-06-12,2022-06-12,1
2022-06-12,2022-06-14,3
2022-06-14,2022-06-14,1
2022-06-14,2022-06-14,1
2022-06-14,2022-06-15,2
2022-06-15,2022-06-15,1
2022-06-15,2022-06-15,1
2022-06-15,2022-06-15,1
2022-06-15,2022-06-15,1
2022-06-15,2022-06-16,2
2022-06-16,2022-06-16,1
2022-06-16,2022-06-16,1
2022-06-16,2022-06-16,1
2022-06-16,2022-06-16,1
2022-06-16,2022-06-19,4
2022-06-19,2022-06-20,2
2022-06-20,2022-06-20,1
2022-06-20,2022-06-20,1
2022-06-20,2022-06-20,1
2022-06-20,2022-06-20,1
2022-06-20,2022-06-20,1
2022-06-20,2022-06-20,1
2022-06-20,2022-06-21,2
2022-06-21,2022-06-21,1
2022-06-21,2022-06-21,1
2022-06-21,2022-06-21,1
2022-06-21,2022-06-21,1
2022-06-21,2022-06-21,1
2022-06-21,2022-06-21,1
2022-06-21,2022-06-21,1
2022-06-21,2022-06-21,1
2022-06-21,2022-06-22,2
2022-06-22,2022-06-22,1
2022-06-22,2022-06-22,1
2022-06-22,2022-06-22,1
2022-06-22,2022-06-22,1
2022-06-22,2022-06-22,1
2022-06-22,2022-06-22,1
2022-06-22,2022-06-22,1
2022-06-22,2022-06-22,1
2022-06-22,2022-06-22,1
2022-06-22,2022-06-22,1
2022-06-22,2022-06-22,1
2022-06-22,2022-06-23,2
2022-06-23,2022-06-23,1
2022-06-23,2022-06-23,1
2022-06-23,2022-06-23,1
2022-06-23,2022-06-23,1
2022-06-23,2022-06-23,1
2022-06-23,2022-06-23,1
2022-06-23,2022-06-23,1
2022-06-23,2022-06-23,1
2022-06-23,2022-06-23,1
2022-06-23,2022-06-23,1
2022-06-23,2022-06-23,1
2022-06-23,2022-06-24,2
2022-06-24,2022-06-24,1
2022-06-24,2022-06-24,1
2022-06-24,2022-06-24,1
2022-06-24,2022-06-24,1
2022-06-24,2022-06-24,1
2022-06-24,2022-06-24,1
2022-06-24,2022-06-24,1
2022-06-24,2022-06-24,1
2022-06-24,2022-06-24,1
2022-06-24,2022-06-25,2
2022-06-25,2022-06-25,1
2022-06-25,2022-06-25,1
2022-06-25,2022-06-25,1
2022-06-25,2022-06-25,1
2022-06-25,2022-06-25,1
2022-06-25,2022-06-25,1
2022-06-25,2022-06-25,1
2022-06-25,2022-06-25,1
2022-06-25,2022-06-26,2
2022-06-26,2022-06-26,1
2022-06-26,2022-06-26,1
2022-06-26,2022-06-26,1
2022-06-26,2022-06-26,1
2022-06-26,2022-06-26,1
2022-06-26,2022-06-26,1
2022-06-26,2022-06-26,1
2022-06-26,2022-06-26,1
2022-06-26,2022-06-27,2
2022-06-27,2022-06-27,1
2022-06-27,2022-06-27,1
2022-06-27,2022-06-27,1
2022-06-27,2022-06-27,1
2022-06-27,2022-06-27,1
2022-06-27,2022-06-27,1
2022-06-27,2022-06-27,1
2022-06-27,2022-06-27,1
2022-06-27,2022-06-27,1
2022-06-27,2022-06-28,2
2022-06-28,2022-06-28,1
2022-06-28,2022-06-28,1
2022-06-28,2022-06-28,1
2022-06-28,2022-06-28,1
2022-06-28,2022-06-28,1
2022-06-28,2022-06-28,1
2022-06-28,2022-06-28,1
2022-06-28,2022-06-28,1
2022-06-28,2022-06-28,1
2022-06-28,2022-06-28,1
2022-06-28,2022-06-28,1
2022-06-28,2022-06-29,2
2022-06-29,2022-06-29,1
2022-06-29,2022-06-29,1
2022-06-29,2022-06-29,1
2022-06-29,2022-06-29,1
2022-06-29,2022-06-29,1
2022-06-29,2022-06-29,1
2022-06-29,2022-06-29,1
2022-06-29,2022-06-29,1
2022-06-29,2022-06-29,1
2022-06-29,2022-06-30,2
2022-06-30,2022-06-30,1
2022-06-30,2022-06-30,1
2022-06-30,2022-06-30,1
2022-06-30,2022-06-30,1
2022-06-30,2022-06-30,1
2022-06-30,2022-06-30,1
2022-06-30,2022-06-30,1
2022-06-30,2022-07-01,2
2022-07-01,2022-07-01,1
2022-07-01,2022-07-01,1
2022-07-01,2022-07-01,1
2022-07-01,2022-07-01,1
2022-07-01,2022-07-01,1
2022-07-01,2022-07-01,1
2022-07-01,2022-07-01,1
2022-07-01,2022-07-02,2
2022-07-02,2022-07-02,1
2022-07-02,2022-07-02,1
2022-07-02,2022-07-02,1
2022-07-02,2022-07-02,1
2022-07-02,2022-07-02,1
2022-07-02,2022-07-05,4
2022-07-05,2022-07-06,2
2022-07-06,2022-07-06,1
2022-07-06,2022-07-06,1
2022-07-06,2022-07-06,1
2022-07-06,2022-07-07,2
2022-07-07,2022-07-07,1
2022-07-07,2022-07-07,1
2022-07-07,2022-07-07,1
2022-07-07,2022-07-07,1
2022-07-07,2022-07-07,1
2022-07-07,2022-07-08,2
2022-07-08,2022-07-08,1
2022-07-08,2022-07-08,1
2022-07-08,2022-07-08,1
2022-07-08,2022-07-08,1
2022-07-08,2022-07-09,2
2022-07-09,2022-07-09,1
2022-07-09,2022-07-09,1
2022-07-09,2022-07-09,1
2022-07-09,2022-07-09,1
2022-07-09,2022-07-09,1
2022-07-09,2022-07-09,1
2022-07-09,2022-07-10,2
2022-07-10,2022-07-10,1
2022-07-10,2022-07-10,1
2022-07-10,2022-07-10,1
2022-07-10,2022-07-10,1
2022-07-10,2022-07-10,1
2022-07-10,2022-07-10,1
2022-07-10,2022-07-10,1
2022-07-10,2022-07-10,1
2022-07-10,2022-07-11,2
2022-07-11,2022-07-11,1
2022-07-11,2022-07-11,1
2022-07-11,2022-07-11,1
2022-07-11,2022-07-11,1
2022-07-11,2022-07-11,1
2022-07-11,2022-07-11,1
2022-07-11,2022-07-11,1
2022-07-11,2022-07-12,2
2022-07-12,2022-07-12,1
2022-07-12,2022-07-12,1
2022-07-12,2022-07-12,1
2022-07-12,2022-07-12,1
2022-07-12,2022-07-13,2
2022-07-13,2022-07-13,1
2022-07-13,2022-07-13,1
2022-07-13,2022-07-13,1
2022-07-13,2022-07-13,1
2022-07-13,2022-07-14,2
2022-07-14,2022-07-14,1
2022-07-14,2022-07-14,1
2022-07-14,2022-07-14,1
2022-07-14,2022-07-14,1
2022-07-14,2022-07-14,1
2022-07-14,2022-07-15,2
2022-07-15,2022-07-15,1
2022-07-15,2022-07-15,1
2022-07-15,2022-07-15,1
2022-07-15,2022-07-15,1
2022-07-15,2022-07-15,1
2022-07-15,2022-07-16,2
2022-07-16,2022-07-16,1
2022-07-16,2022-07-16,1
2022-07-16,2022-07-16,1
2022-07-16,2022-07-16,1
2022-07-16,2022-07-16,1
2022-07-16,2022-07-16,1
2022-07-16,2022-07-16,1
2022-07-16,2022-07-16,1
2022-07-16,2022-07-17,2
2022-07-17,2022-07-17,1
2022-07-17,2022-07-17,1
2022-07-17,2022-07-17,1
2022-07-17,2022-07-17,1
2022-07-17,2022-07-17,1
2022-07-17,2022-07-17,1
2022-07-17,2022-07-17,1
2022-07-17,2022-07-17,1
2022-07-17,2022-07-17,1
2022-07-17,2022-07-18,2
2022-07-18,2022-07-18,1
2022-07-18,2022-07-18,1
2022-07-18,2022-07-18,1
2022-07-18,2022-07-18,1
2022-07-18,2022-07-18,1
2022-07-18,2022-07-18,1
2022-07-18,2022-07-18,1
2022-07-18,2022-07-19,2
2022-07-19,2022-07-19,1
2022-07-19,2022-07-19,1
2022-07-19,2022-07-19,1
2022-07-19,2022-07-19,1
2022-07-19,2022-07-19,1
2022-07-19,2022-07-19,1
2022-07-19,2022-07-19,1
2022-07-19,2022-07-19,1
2022-07-19,2022-07-20,2
2022-07-20,2022-07-20,1
2022-07-20,2022-07-20,1
2022-07-20,2022-07-20,1
2022-07-20,2022-07-20,1
2022-07-20,2022-07-20,1
2022-07-20,2022-07-20,1
2022-07-20,2022-07-20,1
2022-07-20,2022-07-20,1
2022-07-20,2022-07-21,2
2022-07-21,2022-07-21,1
2022-07-21,2022-07-21,1
2022-07-21,2022-07-21,1
2022-07-21,2022-07-21,1
2022-07-21,2022-07-21,1
2022-07-21,2022-07-21,1
2022-07-21,2022-07-21,1
2022-07-21,2022-07-22,2
2022-07-22,2022-07-22,1
2022-07-22,2022-07-22,1
2022-07-22,2022-07-22,1
2022-07-22,2022-07-22,1
2022-07-22,2022-07-22,1
2022-07-22,2022-07-23,2
2022-07-23,2022-07-23,1
2022-07-23,2022-07-23,1
2022-07-23,2022-07-23,1
2022-07-23,2022-07-23,1
2022-07-23,2022-07-24,2
2022-07-24,2022-07-24,1
2022-07-24,2022-07-24,1
2022-07-24,2022-07-24,1
2022-07-24,2022-07-25,2
2022-07-25,2022-07-25,1
2022-07-25,2022-07-25,1
2022-07-25,2022-07-25,1
2022-07-25,2022-07-25,1
2022-07-25,2022-07-26,2
2022-07-26,2022-07-26,1
2022-07-26,2022-07-26,1
2022-07-26,2022-07-26,1
2022-07-26,2022-07-26,1
2022-07-26,2022-07-27,2
2022-07-27,2022-07-27,1
2022-07-27,2022-07-27,1
2022-07-27,2022-07-27,1
2022-07-27,2022-07-27,1
2022-07-27,2022-07-27,1
2022-07-27,2022-07-28,2
2022-07-28,2022-07-28,1
2022-07-28,2022-07-28,1
2022-07-28,2022-07-28,1
2022-07-28,2022-07-28,1
2022-07-28,2022-07-28,1
2022-07-28,2022-07-28,1
2022-07-28,2022-07-29,2
2022-07-29,2022-07-29,1
2022-07-29,2022-07-29,1
2022-07-29,2022-07-29,1
2022-07-29,2022-07-29,1
2022-07-29,2022-07-29,1
2022-07-29,2022-07-29,1
2022-07-29,2022-07-30,2
2022-07-30,2022-07-30,1
2022-07-30,2022-07-30,1
2022-07-30,2022-07-30,1
2022-07-30,2022-07-30,1
2022-07-30,2022-07-30,1
2022-07-30,2022-07-31,2
2022-07-31,2022-07-31,1
2022-07-31,2022-07-31,1
2022-07-31,2022-07-31,1
2022-07-31,2022-07-31,1
2022-07-31,2022-07-31,1
2022-07-31,2022-07-31,1
2022-07-31,2022-08-01,2
2022-08-01,2022-08-01,1
2022-08-01,2022-08-01,1
2022-08-01,2022-08-01,1
2022-08-01,2022-08-01,1
2022-08-01,2022-08-01,1
2022-08-01,2022-08-01,1
2022-08-01,2022-08-01,1
2022-08-01,2022-08-02,2
2022-08-02,2022-08-02,1
2022-08-02,2022-08-02,1
2022-08-02,2022-08-02,1
2022-08-02,2022-08-02,1
2022-08-02,2022-08-02,1
2022-08-02,2022-08-02,1
2022-08-02,2022-08-02,1
2022-08-02,2022-08-02,1
2022-08-02,2022-08-03,2
2022-08-03,2022-08-03,1
2022-08-03,2022-08-03,1
2022-08-03,2022-08-03,1
2022-08-03,2022-08-03,1
2022-08-03,2022-08-03,1
2022-08-03,2022-08-03,1
2022-08-03,2022-08-04,2
2022-08-04,2022-08-04,1
2022-08-04,2022-08-04,1
2022-08-04,2022-08-04,1
2022-08-04,2022-08-04,1
2022-08-04,2022-08-04,1
2022-08-04,2022-08-04,1
2022-08-04,2022-08-05,2
2022-08-05,2022-08-05,1
2022-08-05,2022-08-05,1
2022-08-05,2022-08-05,1
2022-08-05,2022-08-05,1
2022-08-05,2022-08-05,1
2022-08-05,2022-08-05,1
2022-08-05,2022-08-06,2
2022-08-06,2022-08-06,1
2022-08-06,2022-08-06,1
2022-08-06,2022-08-06,1
2022-08-06,2022-08-06,1
2022-08-06,2022-08-06,1
2022-08-06,2022-08-06,1
2022-08-06,2022-08-06,1
2022-08-06,2022-08-06,1
2022-08-06,2022-08-07,2
2022-08-07,2022-08-07,1
2022-08-07,2022-08-07,1
2022-08-07,2022-08-07,1
2022-08-07,2022-08-07,1
2022-08-07,2022-08-07,1
2022-08-07,2022-08-07,1
2022-08-07,2022-08-07,1
2022-08-07,2022-08-07,1
2022-08-07,2022-08-07,1
2022-08-07,2022-08-08,2
2022-08-08,2022-08-08,1
2022-08-08,2022-08-08,1
2022-08-08,2022-08-08,1
2022-08-08,2022-08-08,1
2022-08-08,2022-08-08,1
2022-08-08,2022-08-08,1
2022-08-08,2022-08-08,1
2022-08-08,2022-08-08,1
2022-08-08,2022-08-08,1
2022-08-08,2022-08-09,2
2022-08-09,2022-08-09,1
2022-08-09,2022-08-09,1
2022-08-09,2022-08-09,1
2022-08-09,2022-08-09,1
2022-08-09,2022-08-09,1
2022-08-09,2022-08-09,1
2022-08-09,2022-08-09,1
2022-08-09,2022-08-09,1
2022-08-09,2022-08-09,1
2022-08-09,2022-08-10,2
2022-08-10,2022-08-10,1
2022-08-10,2022-08-10,1
2022-08-10,2022-08-10,1
2022-08-10,2022-08-10,1
2022-08-10,2022-08-10,1
2022-08-10,2022-08-10,1
2022-08-10,2022-08-10,1
2022-08-10,2022-08-10,1
2022-08-10,2022-08-10,1
2022-08-10,2022-08-10,1
2022-08-10,2022-08-11,2
2022-08-11,2022-08-11,1
2022-08-11,2022-08-11,1
2022-08-11,2022-08-11,1
2022-08-11,2022-08-11,1
2022-08-11,2022-08-11,1
2022-08-11,2022-08-11,1
2022-08-11,2022-08-11,1
2022-08-11,2022-08-11,1
2022-08-11,2022-08-11,1
2022-08-11,2022-08-11,1
2022-08-11,2022-08-12,2
2022-08-12,2022-08-12,1
2022-08-12,2022-08-12,1
2022-08-12,2022-08-12,1
2022-08-12,2022-08-12,1
2022-08-12,2022-08-12,1
2022-08-12,2022-08-12,1
2022-08-12,2022-08-12,1
2022-08-12,2022-08-12,1
2022-08-12,2022-08-12,1
2022-08-12,2022-08-13,2
2022-08-13,2022-08-13,1
2022-08-13,2022-08-13,1
2022-08-13,2022-08-13,1
2022-08-13,2022-08-13,1
2022-08-13,2022-08-13,1
2022-08-13,2022-08-13,1
2022-08-13,2022-08-13,1
2022-08-13,2022-08-13,1
2022-08-13,2022-08-13,1
2022-08-13,2022-08-14,2
2022-08-14,2022-08-14,1
2022-08-14,2022-08-14,1
2022-08-14,2022-08-14,1
2022-08-14,2022-08-14,1
2022-08-14,2022-08-14,1
2022-08-14,2022-08-14,1
2022-08-14,2022-08-14,1
2022-08-14,2022-08-14,1
2022-08-14,2022-08-14,1
2022-08-14,2022-08-15,2
2022-08-15,2022-08-15,1
2022-08-15,2022-08-15,1
2022-08-15,2022-08-15,1
2022-08-15,2022-08-15,1
2022-08-15,2022-08-15,1
2022-08-15,2022-08-15,1
2022-08-15,2022-08-15,1
2022-08-15,2022-08-15,1
2022-08-15,2022-08-16,2
2022-08-16,2022-08-16,1
2022-08-16,2022-08-16,1
2022-08-16,2022-08-16,1
2022-08-16,2022-08-16,1
2022-08-16,2022-08-16,1
2022-08-16,2022-08-16,1
2022-08-16,2022-08-16,1
2022-08-16,2022-08-16,1
2022-08-16,2022-08-17,2
2022-08-17,2022-08-17,1
2022-08-17,2022-08-17,1
2022-08-17,2022-08-17,1
2022-08-17,2022-08-17,1
2022-08-17,2022-08-17,1
2022-08-17,2022-08-17,1
2022-08-17,2022-08-17,1
2022-08-17,2022-08-17,1
2022-08-17,2022-08-17,1
2022-08-17,2022-08-18,2
2022-08-18,2022-08-18,1
2022-08-18,2022-08-18,1
2022-08-18,2022-08-18,1
2022-08-18,2022-08-18,1
2022-08-18,2022-08-18,1
2022-08-18,2022-08-18,1
2022-08-18,2022-08-18,1
2022-08-18,2022-08-18,1
2022-08-18,2022-08-19,2
2022-08-19,2022-08-19,1
2022-08-19,2022-08-19,1
2022-08-19,2022-08-19,1
2022-08-19,2022-08-19,1
2022-08-19,2022-08-19,1
2022-08-19,2022-08-19,1
2022-08-19,2022-08-19,1
2022-08-19,2022-08-20,2
2022-08-20,2022-08-20,1
2022-08-20,2022-08-20,1
2022-08-20,2022-08-20,1
2022-08-20,2022-08-20,1
2022-08-20,2022-08-20,1
2022-08-20,2022-08-21,2
2022-08-21,2022-08-21,1
2022-08-21,2022-08-21,1
2022-08-21,2022-08-21,1
2022-08-21,2022-08-22,2
2022-08-22,2022-08-22,1
2022-08-22,2022-08-22,1
2022-08-22,2022-08-22,1
2022-08-22,2022-08-22,1
2022-08-22,2022-08-23,2
2022-08-23,2022-08-23,1
2022-08-23,2022-08-23,1
2022-08-23,2022-08-23,1
2022-08-23,2022-08-23,1
2022-08-23,2022-08-23,1
2022-08-23,2022-08-23,1
2022-08-23,2022-08-24,2
2022-08-24,2022-08-24,1
2022-08-24,2022-08-24,1
2022-08-24,2022-08-24,1
2022-08-24,2022-08-24,1
2022-08-24,2022-08-24,1
2022-08-24,2022-08-24,1
2022-08-24,2022-08-25,2
2022-08-25,2022-08-25,1
2022-08-25,2022-08-25,1
2022-08-25,2022-08-25,1
2022-08-25,2022-08-25,1
2022-08-25,2022-08-25,1
2022-08-25,2022-08-25,1
2022-08-25,2022-08-25,1
2022-08-25,2022-08-26,2
2022-08-26,2022-08-26,1
2022-08-26,2022-08-26,1
2022-08-26,2022-08-26,1
2022-08-26,2022-08-26,1
2022-08-26,2022-08-26,1
2022-08-26,2022-08-26,1
2022-08-26,2022-08-26,1
2022-08-26,2022-08-27,2
2022-08-27,2022-08-27,1
2022-08-27,2022-08-27,1
2022-08-27,2022-08-27,1
2022-08-27,2022-08-27,1
2022-08-27,2022-08-27,1
2022-08-27,2022-08-27,1
2022-08-27,2022-08-28,2
2022-08-28,2022-08-28,1
2022-08-28,2022-08-28,1
2022-08-28,2022-08-28,1
2022-08-28,2022-08-28,1
2022-08-28,2022-08-29,2
2022-08-29,2022-08-29,1
2022-08-29,2022-08-29,1
2022-08-29,2022-08-29,1
2022-08-29,2022-08-29,1
2022-08-29,2022-08-30,2
2022-08-30,2022-08-30,1
2022-08-30,2022-08-30,1
2022-08-30,2022-08-30,1
2022-08-30,2022-08-30,1
2022-08-30,2022-08-30,1
2022-08-30,2022-08-30,1
2022-08-30,2022-08-30,1
2022-08-30,2022-08-31,2
2022-08-31,2022-08-31,1
2022-08-31,2022-08-31,1
2022-08-31,2022-08-31,1
2022-08-31,2022-08-31,1
2022-08-31,2022-08-31,1
2022-08-31,2022-08-31,1
2022-08-31,2022-08-31,1
2022-08-31,2022-08-31,1
2022-08-31,2022-08-31,1
2022-08-31,2022-08-31,1
2022-08-31,2022-09-01,2
2022-09-01,2022-09-01,1
2022-09-01,2022-09-01,1
2022-09-01,2022-09-01,1
2022-09-01,2022-09-01,1
2022-09-01,2022-09-01,1
2022-09-01,2022-09-01,1
2022-09-01,2022-09-01,1
2022-09-01,2022-09-01,1
2022-09-01,2022-09-01,1
2022-09-01,2022-09-01,1
2022-09-01,2022-09-01,1
2022-09-01,2022-09-01,1
2022-09-01,2022-09-01,1
2022-09-01,2022-09-01,1
2022-09-01,2022-09-02,2
2022-09-02,2022-09-02,1
2022-09-02,2022-09-02,1
2022-09-02,2022-09-02,1
2022-09-02,2022-09-02,1
2022-09-02,2022-09-02,1
2022-09-02,2022-09-02,1
2022-09-02,2022-09-02,1
2022-09-02,2022-09-02,1
2022-09-02,2022-09-02,1
2022-09-02,2022-09-02,1
2022-09-02,2022-09-02,1
2022-09-02,2022-09-02,1
2022-09-02,2022-09-03,2
2022-09-03,2022-09-03,1
2022-09-03,2022-09-03,1
2022-09-03,2022-09-03,1
2022-09-03,2022-09-03,1
2022-09-03,2022-09-03,1
2022-09-03,2022-09-03,1
2022-09-03,2022-09-03,1
2022-09-03,2022-09-03,1
2022-09-03,2022-09-03,1
2022-09-03,2022-09-03,1
2022-09-03,2022-09-03,1
2022-09-03,2022-09-03,1
2022-09-03,2022-09-03,1
2022-09-03,2022-09-04,2
2022-09-04,2022-09-04,1
2022-09-04,2022-09-04,1
2022-09-04,2022-09-04,1
2022-09-04,2022-09-04,1
2022-09-04,2022-09-04,1
2022-09-04,2022-09-04,1
2022-09-04,2022-09-04,1
2022-09-04,2022-09-04,1
2022-09-04,2022-09-04,1
2022-09-04,2022-09-04,1
2022-09-04,2022-09-04,1
2022-09-04,2022-09-04,1
2022-09-04,2022-09-04,1
2022-09-04,2022-09-04,1
2022-09-04,2022-09-04,1
2022-09-04,2022-09-05,2
2022-09-05,2022-09-05,1
2022-09-05,2022-09-05,1
2022-09-05,2022-09-05,1
2022-09-05,2022-09-05,1
2022-09-05,2022-09-05,1
2022-09-05,2022-09-05,1
2022-09-05,2022-09-05,1
2022-09-05,2022-09-05,1
2022-09-05,2022-09-05,1
2022-09-05,2022-09-05,1
2022-09-05,2022-09-05,1
2022-09-05,2022-09-05,1
2022-09-05,2022-09-06,2
2022-09-06,2022-09-06,1
2022-09-06,2022-09-06,1
2022-09-06,2022-09-06,1
2022-09-06,2022-09-06,1
2022-09-06,2022-09-06,1
2022-09-06,2022-09-06,1
2022-09-06,2022-09-06,1
2022-09-06,2022-09-06,1
2022-09-06,2022-09-06,1
2022-09-06,2022-09-06,1
2022-09-06,2022-09-06,1
2022-09-06,2022-09-06,1
2022-09-06,2022-09-06,1
2022-09-06,2022-09-07,2
2022-09-07,2022-09-07,1
2022-09-07,2022-09-07,1
2022-09-07,2022-09-07,1
2022-09-07,2022-09-07,1
2022-09-07,2022-09-07,1
2022-09-07,2022-09-07,1
2022-09-07,2022-09-07,1
2022-09-07,2022-09-07,1
2022-09-07,2022-09-07,1
2022-09-07,2022-09-07,1
2022-09-07,2022-09-07,1
2022-09-07,2022-09-07,1
2022-09-07,2022-09-07,1
2022-09-07,2022-09-08,2
2022-09-08,2022-09-08,1
2022-09-08,2022-09-08,1
2022-09-08,2022-09-08,1
2022-09-08,2022-09-08,1
2022-09-08,2022-09-08,1
2022-09-08,2022-09-08,1
2022-09-08,2022-09-08,1
2022-09-08,2022-09-08,1
2022-09-08,2022-09-08,1
2022-09-08,2022-09-08,1
2022-09-08,2022-09-08,1
2022-09-08,2022-09-08,1
2022-09-08,2022-09-08,1
2022-09-08,2022-09-09,2
2022-09-09,2022-09-09,1
2022-09-09,2022-09-09,1
2022-09-09,2022-09-09,1
2022-09-09,2022-09-09,1
2022-09-09,2022-09-09,1
2022-09-09,2022-09-09,1
2022-09-09,2022-09-09,1
2022-09-09,2022-09-09,1
2022-09-09,2022-09-09,1
2022-09-09,2022-09-09,1
2022-09-09,2022-09-09,1
2022-09-09,2022-09-09,1
2022-09-09,2022-09-09,1
2022-09-09,2022-09-09,1
2022-09-09,2022-09-09,1
2022-09-09,2022-09-11,3
2022-09-11,2022-09-11,1
2022-09-11,2022-09-11,1
2022-09-11,2022-09-11,1
2022-09-11,2022-09-11,1
2022-09-11,2022-09-12,2
2022-09-12,2022-09-12,1
2022-09-12,2022-09-12,1
2022-09-12,2022-09-12,1
2022-09-12,2022-09-13,2
2022-09-13,2022-09-14,2
2022-09-14,2022-09-20,7
2022-09-20,2022-09-20,1
2022-09-20,2022-09-22,3
2022-09-22,2022-09-22,1
2022-09-22,2022-09-22,1
2022-09-22,2022-09-22,1
2022-09-22,2022-09-22,1
2022-09-22,2022-09-23,2
2022-09-23,2022-09-23,1
2022-09-23,2022-09-23,1
2022-09-23,2022-09-23,1
2022-09-23,2022-09-23,1
2022-09-23,2022-09-23,1
2022-09-23,2022-09-23,1
2022-09-23,2022-09-23,1
2022-09-23,2022-09-24,2
2022-09-24,2022-09-24,1
2022-09-24,2022-09-24,1
2022-09-24,2022-09-24,1
2022-09-24,2022-09-24,1
2022-09-24,2022-09-24,1
2022-09-24,2022-09-24,1
2022-09-24,2022-09-24,1
2022-09-24,2022-09-25,2
2022-09-25,2022-09-25,1
2022-09-25,2022-09-25,1
2022-09-25,2022-09-25,1
2022-09-25,2022-09-25,1
2022-09-25,2022-09-25,1
2022-09-25,2022-09-25,1
2022-09-25,2022-09-25,1
2022-09-25,2022-09-26,2
2022-09-26,2022-09-26,1
2022-09-26,2022-09-26,1
2022-09-26,2022-09-26,1
2022-09-26,2022-09-26,1
2022-09-26,2022-09-26,1
2022-09-26,2022-09-26,1
2022-09-26,2022-09-26,1
2022-09-26,2022-09-27,2
2022-09-27,2022-09-27,1
2022-09-27,2022-09-27,1
2022-09-27,2022-09-27,1
2022-09-27,2022-09-27,1
2022-09-27,2022-09-27,1
2022-09-27,2022-09-27,1
2022-09-27,2022-09-27,1
2022-09-27,2022-09-27,1
2022-09-27,2022-09-28,2
2022-09-28,2022-09-28,1
2022-09-28,2022-09-28,1
2022-09-28,2022-09-28,1
2022-09-28,2022-09-28,1
2022-09-28,2022-09-28,1
2022-09-28,2022-09-28,1
2022-09-28,2022-09-28,1
2022-09-28,2022-09-28,1
2022-09-28,2022-09-29,2
2022-09-29,2022-09-29,1
2022-09-29,2022-09-29,1
2022-09-29,2022-09-29,1
2022-09-29,2022-09-29,1
2022-09-29,2022-09-29,1
2022-09-29,2022-09-29,1
2022-09-29,2022-09-29,1
2022-09-29,2022-09-30,2
2022-09-30,2022-09-30,1
2022-09-30,2022-10-03,4
2022-10-03,2022-10-03,1
2022-10-03,2022-10-04,2
2022-10-04,2022-10-04,1
2022-10-04,2022-10-04,1
2022-10-04,2022-10-04,1
2022-10-04,2022-10-05,2
2022-10-05,2022-10-05,1
2022-10-05,2022-10-05,1
2022-10-05,2022-10-06,2
2022-10-06,2022-10-06,1
2022-10-06,2022-10-07,2
2022-10-07,2022-10-07,1
2022-10-07,2022-10-07,1
2022-10-07,2022-10-08,2
2022-10-08,2022-10-08,1
2022-10-08,2022-10-08,1
2022-10-08,2022-10-08,1
2022-10-08,2022-10-08,1
2022-10-08,2022-10-09,2
2022-10-09,2022-10-09,1
2022-10-09,2022-10-18,10
2022-10-18,2022-10-18,1
2022-10-18,2022-10-18,1
2022-10-18,2022-10-18,1
2022-10-18,2022-10-18,1
2022-10-18,2022-10-18,1
2022-10-18,2022-10-19,2
2022-10-19,2022-10-19,1
2022-10-19,2022-10-19,1
2022-10-19,2022-10-19,1
2022-10-19,2022-10-19,1
2022-10-19,2022-10-19,1
2022-10-19,2022-10-19,1
2022-10-19,2022-10-19,1
2022-10-19,2022-10-20,2
2022-10-20,2022-10-20,1
2022-10-20,2022-10-20,1
2022-10-20,2022-10-20,1
2022-10-20,2022-10-20,1
2022-10-20,2022-10-20,1
2022-10-20,2022-10-20,1
2022-10-20,2022-10-30,11
2022-10-30,2022-10-30,1
2022-10-30,2022-10-30,1
2022-10-30,2022-10-31,2
2022-10-31,2022-10-31,1
2022-10-31,2023-04-21,173
2023-04-21,2023-04-21,1
2023-04-21,2023-04-21,1
2023-04-21,2023-04-21,1
2023-04-21,2023-04-21,1
2023-04-21,2023-04-22,2
2023-04-22,2023-04-22,1
2023-04-22,2023-04-22,1
2023-04-22,2023-04-22,1
2023-04-22,2023-04-29,8
2023-04-29,2023-04-29,1
2023-04-29,2023-05-13,15
2023-05-13,2023-05-13,1
2023-05-13,2023-05-14,2
2023-05-14,2023-05-16,3
2023-05-16,2023-05-16,1
2023-05-16,2023-05-17,2
2023-05-17,2023-06-17,32
2023-06-17,2023-06-17,1
2023-06-17,2023-06-17,1
2023-06-17,2023-06-17,1
2023-06-17,2023-06-27,11
2023-06-27,2023-06-29,3
2023-06-29,2023-06-29,1
2023-06-29,2023-06-30,2
2023-06-30,2023-06-30,1
2023-06-30,2023-06-30,1
2023-06-30,2023-06-30,1
2023-06-30,2023-06-30,1
2023-06-30,2023-07-01,2
2023-07-01,2023-07-01,1
2023-07-01,2023-07-01,1
2023-07-01,2023-07-01,1
2023-07-01,2023-07-01,1
2023-07-01,2023-07-01,1
2023-07-01,2023-07-01,1
2023-07-01,2023-07-01,1
2023-07-01,2023-07-02,2
2023-07-02,2023-07-02,1
2023-07-02,2023-07-02,1
2023-07-02,2023-07-02,1
2023-07-02,2023-07-02,1
2023-07-02,2023-07-02,1
2023-07-02,2023-07-02,1
2023-07-02,2023-07-03,2
2023-07-03,2023-07-03,1
2023-07-03,2023-07-03,1
2023-07-03,2023-07-03,1
2023-07-03,2023-07-03,1
2023-07-03,2023-07-03,1
2023-07-03,2023-07-03,1
2023-07-03,2023-07-04,2
2023-07-04,2023-07-04,1
2023-07-04,2023-07-04,1
2023-07-04,2023-07-04,1
2023-07-04,2023-07-04,1
2023-07-04,2023-07-04,1
2023-07-04,2023-07-05,2
2023-07-05,2023-07-05,1
2023-07-05,2023-07-05,1
2023-07-05,2023-07-05,1
2023-07-05,2023-07-05,1
2023-07-05,2023-07-05,1
2023-07-05,2023-07-06,2
2023-07-06,2023-07-06,1
2023-07-06,2023-07-06,1
2023-07-06,2023-07-06,1
2023-07-06,2023-07-07,2
2023-07-07,2023-07-07,1
2023-07-07,2023-07-08,2
2023-07-08,2023-07-08,1
2023-07-08,2023-07-09,2
2023-07-09,2023-07-09,1
2023-07-09,2023-07-09,1
2023-07-09,2023-07-09,1
2023-07-09,2023-07-10,2
2023-07-10,2023-07-10,1
2023-07-10,2023-07-10,1
2023-07-10,2023-07-10,1
2023-07-10,2023-07-10,1
2023-07-10,2023-07-10,1
2023-07-10,2023-07-11,2
2023-07-11,2023-07-11,1
2023-07-11,2023-07-11,1
2023-07-11,2023-07-11,1
2023-07-11,2023-07-11,1
2023-07-11,2023-07-11,1
2023-07-11,2023-07-11,1
2023-07-11,2023-07-11,1
2023-07-11,2023-07-12,2
2023-07-12,2023-07-12,1
2023-07-12,2023-07-12,1
2023-07-12,2023-07-12,1
2023-07-12,2023-07-12,1
2023-07-12,2023-07-12,1
2023-07-12,2023-07-12,1
2023-07-12,2023-07-12,1
2023-07-12,2023-07-12,1
2023-07-12,2023-07-12,1
2023-07-12,2023-07-13,2
2023-07-13,2023-07-13,1
2023-07-13,2023-07-13,1
2023-07-13,2023-07-13,1
2023-07-13,2023-07-13,1
2023-07-13,2023-07-13,1
2023-07-13,2023-07-13,1
2023-07-13,2023-07-13,1
2023-07-13,2023-07-13,1
2023-07-13,2023-07-13,1
2023-07-13,2023-07-13,1
2023-07-13,2023-07-14,2
2023-07-14,2023-07-14,1
2023-07-14,2023-07-14,1
2023-07-14,2023-07-14,1
2023-07-14,2023-07-14,1
2023-07-14,2023-07-14,1
2023-07-14,2023-07-14,1
2023-07-14,2023-07-14,1
2023-07-14,2023-07-14,1
2023-07-14,2023-07-15,2
2023-07-15,2023-07-15,1
2023-07-15,2023-07-15,1
2023-07-15,2023-07-15,1
2023-07-15,2023-07-15,1
2023-07-15,2023-07-15,1
2023-07-15,2023-07-15,1
2023-07-15,2023-07-15,1
2023-07-15,2023-07-15,1
2023-07-15,2023-07-15,1
2023-07-15,2023-07-16,2
2023-07-16,2023-07-16,1
2023-07-16,2023-07-16,1
2023-07-16,2023-07-16,1
2023-07-16,2023-07-16,1
2023-07-16,2023-07-16,1
2023-07-16,2023-07-16,1
2023-07-16,2023-07-16,1
2023-07-16,2023-07-16,1
2023-07-16,2023-07-17,2
2023-07-17,2023-07-17,1
2023-07-17,2023-07-17,1
2023-07-17,2023-07-17,1
2023-07-17,2023-07-17,1
2023-07-17,2023-07-17,1
2023-07-17,2023-07-17,1
2023-07-17,2023-07-17,1
2023-07-17,2023-07-17,1
2023-07-17,2023-07-18,2
2023-07-18,2023-07-18,1
2023-07-18,2023-07-18,1
2023-07-18,2023-07-18,1
2023-07-18,2023-07-18,1
2023-07-18,2023-07-18,1
2023-07-18,2023-07-18,1
2023-07-18,2023-07-18,1
2023-07-18,2023-07-18,1
2023-07-18,2023-07-18,1
2023-07-18,2023-07-19,2
2023-07-19,2023-07-19,1
2023-07-19,2023-07-19,1
2023-07-19,2023-07-19,1
2023-07-19,2023-07-19,1
2023-07-19,2023-07-19,1
2023-07-19,2023-07-19,1
2023-07-19,2023-07-19,1
2023-07-19,2023-07-19,1
2023-07-19,2023-07-20,2
2023-07-20,2023-07-20,1
2023-07-20,2023-07-20,1
2023-07-20,2023-07-20,1
2023-07-20,2023-07-20,1
2023-07-20,2023-07-20,1
2023-07-20,2023-07-20,1
2023-07-20,2023-07-20,1
2023-07-20,2023-07-20,1
2023-07-20,2023-07-20,1
2023-07-20,2023-07-20,1
2023-07-20,2023-07-21,2
2023-07-21,2023-07-21,1
2023-07-21,2023-07-21,1
2023-07-21,2023-07-21,1
2023-07-21,2023-07-21,1
2023-07-21,2023-07-21,1
2023-07-21,2023-07-21,1
2023-07-21,2023-07-21,1
2023-07-21,2023-07-21,1
2023-07-21,2023-07-21,1
2023-07-21,2023-07-21,1
2023-07-21,2023-07-22,2
2023-07-22,2023-07-22,1
2023-07-22,2023-07-22,1
2023-07-22,2023-07-22,1
2023-07-22,2023-07-22,1
2023-07-22,2023-07-22,1
2023-07-22,2023-07-22,1
2023-07-22,2023-07-22,1
2023-07-22,2023-07-22,1
2023-07-22,2023-07-23,2
2023-07-23,2023-07-23,1
2023-07-23,2023-07-23,1
2023-07-23,2023-07-23,1
2023-07-23,2023-07-23,1
2023-07-23,2023-07-23,1
2023-07-23,2023-07-23,1
2023-07-23,2023-07-23,1
2023-07-23,2023-07-23,1
2023-07-23,2023-07-24,2
2023-07-24,2023-07-24,1
2023-07-24,2023-07-24,1
2023-07-24,2023-07-24,1
2023-07-24,2023-07-24,1
2023-07-24,2023-07-24,1
2023-07-24,2023-07-24,1
2023-07-24,2023-07-24,1
2023-07-24,2023-07-24,1
2023-07-24,2023-07-24,1
2023-07-24,2023-07-25,2
2023-07-25,2023-07-25,1
2023-07-25,2023-07-25,1
2023-07-25,2023-07-25,1
2023-07-25,2023-07-25,1
2023-07-25,2023-07-25,1
2023-07-25,2023-07-25,1
2023-07-25,2023-07-25,1
2023-07-25,2023-07-25,1
2023-07-25,2023-07-25,1
2023-07-25,2023-07-26,2
2023-07-26,2023-07-26,1
2023-07-26,2023-07-26,1
2023-07-26,2023-07-26,1
2023-07-26,2023-07-26,1
2023-07-26,2023-07-26,1
2023-07-26,2023-07-26,1
2023-07-26,2023-07-26,1
2023-07-26,2023-07-26,1
2023-07-26,2023-07-26,1
2023-07-26,2023-07-26,1
2023-07-26,2023-07-27,2
2023-07-27,2023-07-27,1
2023-07-27,2023-07-27,1
2023-07-27,2023-07-27,1
2023-07-27,2023-07-27,1
2023-07-27,2023-07-27,1
2023-07-27,2023-07-27,1
2023-07-27,2023-07-27,1
2023-07-27,2023-07-27,1
2023-07-27,2023-07-27,1
2023-07-27,2023-07-27,1
2023-07-27,2023-07-28,2
2023-07-28,2023-07-28,1
2023-07-28,2023-07-28,1
2023-07-28,2023-07-28,1
2023-07-28,2023-07-28,1
2023-07-28,2023-07-28,1
2023-07-28,2023-07-28,1
2023-07-28,2023-07-28,1
2023-07-28,2023-07-28,1
2023-07-28,2023-07-28,1
2023-07-28,2023-07-29,2
2023-07-29,2023-07-29,1
2023-07-29,2023-07-29,1
2023-07-29,2023-07-29,1
2023-07-29,2023-07-29,1
2023-07-29,2023-07-29,1
2023-07-29,2023-07-29,1
2023-07-29,2023-07-29,1
2023-07-29,2023-07-30,2
2023-07-30,2023-07-30,1
2023-07-30,2023-07-30,1
2023-07-30,2023-07-30,1
2023-07-30,2023-07-30,1
2023-07-30,2023-07-30,1
2023-07-30,2023-07-30,1
2023-07-30,2023-07-30,1
2023-07-30,2023-07-30,1
2023-07-30,2023-07-30,1
2023-07-30,2023-07-31,2
2023-07-31,2023-07-31,1
2023-07-31,2023-07-31,1
2023-07-31,2023-07-31,1
2023-07-31,2023-07-31,1
2023-07-31,2023-07-31,1
2023-07-31,2023-07-31,1
2023-07-31,2023-07-31,1
2023-07-31,2023-07-31,1
2023-07-31,2023-07-31,1
2023-07-31,2023-07-31,1
2023-07-31,2023-07-31,1
2023-07-31,2023-07-31,1
2023-07-31,2023-07-31,1
2023-07-31,2023-07-31,1
2023-07-31,2023-07-31,1
2023-07-31,2023-08-01,2
2023-08-01,2023-08-01,1
2023-08-01,2023-08-01,1
2023-08-01,2023-08-01,1
2023-08-01,2023-08-01,1
2023-08-01,2023-08-01,1
2023-08-01,2023-08-01,1
2023-08-01,2023-08-02,2
2023-08-02,2023-08-02,1
2023-08-02,2023-08-02,1
2023-08-02,2023-08-02,1
2023-08-02,2023-08-02,1
2023-08-02,2023-08-02,1
2023-08-02,2023-08-02,1
2023-08-02,2023-08-02,1
2023-08-02,2023-08-02,1
2023-08-02,2023-08-03,2
2023-08-03,2023-08-03,1
2023-08-03,2023-08-03,1
2023-08-03,2023-08-03,1
2023-08-03,2023-08-03,1
2023-08-03,2023-08-03,1
2023-08-03,2023-08-03,1
2023-08-03,2023-08-03,1
2023-08-03,2023-08-04,2
2023-08-04,2023-08-04,1
2023-08-04,2023-08-04,1
2023-08-04,2023-08-04,1
2023-08-04,2023-08-04,1
2023-08-04,2023-08-04,1
2023-08-04,2023-08-05,2
2023-08-05,2023-08-05,1
2023-08-05,2023-08-05,1
2023-08-05,2023-08-05,1
2023-08-05,2023-08-05,1
2023-08-05,2023-08-05,1
2023-08-05,2023-08-05,1
2023-08-05,2023-08-06,2
2023-08-06,2023-08-06,1
2023-08-06,2023-08-06,1
2023-08-06,2023-08-06,1
2023-08-06,2023-08-06,1
2023-08-06,2023-08-06,1
2023-08-06,2023-08-06,1
2023-08-06,2023-08-06,1
2023-08-06,2023-08-06,1
2023-08-06,2023-08-06,1
2023-08-06,2023-08-07,2
2023-08-07,2023-08-07,1
2023-08-07,2023-08-07,1
2023-08-07,2023-08-07,1
2023-08-07,2023-08-07,1
2023-08-07,2023-08-07,1
2023-08-07,2023-08-07,1
2023-08-07,2023-08-07,1
2023-08-07,2023-08-07,1
2023-08-07,2023-08-07,1
2023-08-07,2023-08-08,2
2023-08-08,2023-08-08,1
2023-08-08,2023-08-08,1
2023-08-08,2023-08-08,1
2023-08-08,2023-08-08,1
2023-08-08,2023-08-08,1
2023-08-08,2023-08-08,1
2023-08-08,2023-08-08,1
2023-08-08,2023-08-08,1
2023-08-08,2023-08-09,2
2023-08-09,2023-08-09,1
2023-08-09,2023-08-09,1
2023-08-09,2023-08-09,1
2023-08-09,2023-08-11,3
2023-08-11,2023-08-11,1
2023-08-11,2023-08-12,2
2023-08-12,2023-08-12,1
2023-08-12,2023-08-12,1
2023-08-12,2023-08-12,1
2023-08-12,2023-08-12,1
2023-08-12,2023-08-13,2
2023-08-13,2023-08-13,1
2023-08-13,2023-08-13,1
2023-08-13,2023-08-13,1
2023-08-13,2023-08-13,1
2023-08-13,2023-08-13,1
2023-08-13,2023-08-14,2
2023-08-14,2023-08-14,1
2023-08-14,2023-08-14,1
2023-08-14,2023-08-14,1
2023-08-14,2023-08-14,1
2023-08-14,2023-08-14,1
2023-08-14,2023-08-14,1
2023-08-14,2023-08-15,2
2023-08-15,2023-08-15,1
2023-08-15,2023-08-15,1
2023-08-15,2023-08-15,1
2023-08-15,2023-08-15,1
2023-08-15,2023-08-15,1
2023-08-15,2023-08-15,1
2023-08-15,2023-08-15,1
2023-08-15,2023-08-15,1
2023-08-15,2023-08-16,2
2023-08-16,2023-08-16,1
2023-08-16,2023-08-16,1
2023-08-16,2023-08-16,1
2023-08-16,2023-08-16,1
2023-08-16,2023-08-16,1
2023-08-16,2023-08-16,1
2023-08-16,2023-08-16,1
2023-08-16,2023-08-16,1
2023-08-16,2023-08-16,1
2023-08-16,2023-08-16,1
2023-08-16,2023-08-17,2
2023-08-17,2023-08-17,1
2023-08-17,2023-08-17,1
2023-08-17,2023-08-17,1
2023-08-17,2023-08-17,1
2023-08-17,2023-08-17,1
2023-08-17,2023-08-17,1
2023-08-17,2023-08-17,1
2023-08-17,2023-08-17,1
2023-08-17,2023-08-17,1
2023-08-17,2023-08-18,2
2023-08-18,2023-08-18,1
2023-08-18,2023-08-18,1
2023-08-18,2023-08-18,1
2023-08-18,2023-08-18,1
2023-08-18,2023-08-18,1
2023-08-18,2023-08-18,1
2023-08-18,2023-08-18,1
2023-08-18,2023-08-18,1
2023-08-18,2023-08-19,2
2023-08-19,2023-08-19,1
2023-08-19,2023-08-19,1
2023-08-19,2023-08-19,1
2023-08-19,2023-08-22,4
2023-08-22,2023-08-22,1
2023-08-22,2023-08-22,1
2023-08-22,2023-08-22,1
2023-08-22,2023-08-22,1
2023-08-22,2023-08-23,2
2023-08-23,2023-08-23,1
2023-08-23,2023-08-23,1
2023-08-23,2023-08-23,1
2023-08-23,2023-08-23,1
2023-08-23,2023-08-23,1
2023-08-23,2023-08-23,1
2023-08-23,2023-08-24,2
2023-08-24,2023-08-24,1
2023-08-24,2023-08-24,1
2023-08-24,2023-08-24,1
2023-08-24,2023-08-24,1
2023-08-24,2023-08-24,1
2023-08-24,2023-08-25,2
2023-08-25,2023-08-25,1
2023-08-25,2023-08-25,1
2023-08-25,2023-08-25,1
2023-08-25,2023-08-25,1
2023-08-25,2023-08-25,1
2023-08-25,2023-08-26,2
2023-08-26,2023-08-26,1
2023-08-26,2023-08-26,1
2023-08-26,2023-08-26,1
2023-08-26,2023-08-26,1
2023-08-26,2023-08-26,1
2023-08-26,2023-08-26,1
2023-08-26,2023-08-27,2
2023-08-27,2023-08-27,1
2023-08-27,2023-08-27,1
2023-08-27,2023-08-27,1
2023-08-27,2023-08-27,1
2023-08-27,2023-08-27,1
2023-08-27,2023-08-27,1
2023-08-27,2023-08-27,1
2023-08-27,2023-08-27,1
2023-08-27,2023-08-28,2
2023-08-28,2023-08-28,1
2023-08-28,2023-08-28,1
2023-08-28,2023-08-28,1
2023-08-28,2023-08-28,1
2023-08-28,2023-08-28,1
2023-08-28,2023-08-28,1
2023-08-28,2023-08-28,1
2023-08-28,2023-08-28,1
2023-08-28,2023-08-28,1
2023-08-28,2023-08-28,1
2023-08-28,2023-08-28,1
2023-08-28,2023-08-29,2
2023-08-29,2023-08-29,1
2023-08-29,2023-08-29,1
2023-08-29,2023-08-29,1
2023-08-29,2023-08-29,1
2023-08-29,2023-08-29,1
2023-08-29,2023-08-29,1
2023-08-29,2023-08-29,1
2023-08-29,2023-08-29,1
2023-08-29,2023-08-29,1
2023-08-29,2023-08-29,1
2023-08-29,2023-08-29,1
2023-08-29,2023-08-30,2
2023-08-30,2023-08-30,1
2023-08-30,2023-08-30,1
2023-08-30,2023-08-30,1
2023-08-30,2023-08-30,1
2023-08-30,2023-08-30,1
2023-08-30,2023-08-30,1
2023-08-30,2023-08-30,1
2023-08-30,2023-08-30,1
2023-08-30,2023-08-30,1
2023-08-30,2023-08-30,1
2023-08-30,2023-08-30,1
2023-08-30,2023-08-31,2
2023-08-31,2023-08-31,1
2023-08-31,2023-08-31,1
2023-08-31,2023-08-31,1
2023-08-31,2023-08-31,1
2023-08-31,2023-08-31,1
2023-08-31,2023-08-31,1
2023-08-31,2023-08-31,1
2023-08-31,2023-08-31,1
2023-08-31,2023-09-01,2
2023-09-01,2023-09-01,1
2023-09-01,2023-09-01,1
2023-09-01,2023-09-01,1
2023-09-01,2023-09-01,1
2023-09-01,2023-09-06,6
2023-09-06,2023-09-07,2
2023-09-07,2023-09-07,1
2023-09-07,2023-09-07,1
2023-09-07,2023-09-07,1
2023-09-07,2023-09-07,1
2023-09-07,2023-09-08,2
2023-09-08,2023-09-08,1
2023-09-08,2023-09-08,1
2023-09-08,2023-09-08,1
2023-09-08,2023-09-08,1
2023-09-08,2023-09-08,1
2023-09-08,2023-09-08,1
2023-09-08,2023-09-08,1
2023-09-08,2023-09-08,1
2023-09-08,2023-09-09,2
2023-09-09,2023-09-09,1
2023-09-09,2023-09-09,1
2023-09-09,2023-09-09,1
2023-09-09,2023-09-09,1
2023-09-09,2023-09-09,1
2023-09-09,2023-09-09,1
2023-09-09,2023-09-09,1
2023-09-09,2023-09-09,1
2023-09-09,2023-09-09,1
2023-09-09,2023-09-10,2
2023-09-10,2023-09-10,1
2023-09-10,2023-09-10,1
2023-09-10,2023-09-10,1
2023-09-10,2023-09-10,1
2023-09-10,2023-09-10,1
2023-09-10,2023-09-10,1
2023-09-10,2023-09-11,2
2023-09-11,2023-09-11,1
2023-09-11,2023-09-11,1
2023-09-11,2023-09-11,1
2023-09-11,2023-09-11,1
2023-09-11,2023-09-11,1
2023-09-11,2023-09-12,2
2023-09-12,2023-09-12,1
2023-09-12,2023-09-12,1
2023-09-12,2023-09-12,1
2023-09-12,2023-09-12,1
2023-09-12,2023-09-12,1
2023-09-12,2023-09-24,13
2023-09-24,2023-09-24,1
2023-09-24,2023-09-24,1
2023-09-24,2023-09-25,2
2023-09-25,2023-09-26,2
2023-09-26,2023-09-26,1
2023-09-26,2023-09-26,1
2023-09-26,2023-09-26,1
2023-09-26,2023-09-27,2
2023-09-27,2023-09-27,1
2023-09-27,2023-09-27,1
2023-09-27,2023-09-27,1
2023-09-27,2023-09-27,1
2023-09-27,2023-10-03,7
2023-10-03,2023-10-03,1
2023-10-03,2023-10-04,2
2023-10-04,2023-10-04,1
2023-10-04,2023-10-04,1
2023-10-04,2023-10-04,1
2023-10-04,2023-10-04,1
2023-10-04,2023-10-04,1
2023-10-04,2023-10-04,1
2023-10-04,2023-10-05,2
2023-10-05,2023-10-05,1
2023-10-05,2023-10-05,1
2023-10-05,2023-10-05,1
2023-10-05,2023-10-05,1
2023-10-05,2023-10-05,1
2023-10-05,2023-10-05,1
2023-10-05,2023-10-05,1
2023-10-05,2023-10-05,1
2023-10-05,2023-10-06,2
2023-10-06,2023-10-06,1
2023-10-06,2023-10-06,1
2023-10-06,2023-10-06,1
2023-10-06,2023-10-06,1
2023-10-06,2023-10-06,1
2023-10-06,2023-10-06,1
2023-10-06,2023-10-06,1
2023-10-06,2023-10-07,2
2023-10-07,2023-10-07,1
2023-10-07,2023-10-07,1
2023-10-07,2023-10-07,1
2023-10-07,2023-10-07,1
2023-10-07,2023-10-07,1
2023-10-07,2023-10-07,1
2023-10-07,2023-10-08,2
2023-10-08,2023-10-08,1
2023-10-08,2023-10-08,1
2023-10-08,2023-10-08,1
2023-10-08,2023-10-08,1
2023-10-08,2023-10-08,1
2023-10-08,2023-10-08,1
2023-10-08,2023-10-08,1
2023-10-08,2023-10-09,2
2023-10-09,2023-10-09,1
2023-10-09,2023-10-09,1
2023-10-09,2023-10-09,1
2023-10-09,2023-10-09,1
2023-10-09,2023-10-09,1
2023-10-09,2023-10-14,6
2023-10-14,2023-10-14,1
2023-10-14,2023-10-14,1
2023-10-14,2023-10-15,2
2023-10-15,2023-10-15,1
2023-10-15,2023-10-15,1
2023-10-15,2023-10-15,1
2023-10-15,2023-10-15,1
2023-10-15,2023-10-15,1
2023-10-15,2023-10-15,1
2023-10-15,2023-10-16,2
2023-10-16,2023-10-16,1
2023-10-16,2023-10-16,1
2023-10-16,2023-10-16,1
2023-10-16,2023-10-16,1
2023-10-16,2023-10-16,1
2023-10-16,2023-10-17,2
2023-10-17,2023-10-17,1
2023-10-17,2023-10-17,1
2023-10-17,2023-10-17,1
2023-10-17,2023-10-17,1
2023-10-17,2023-10-18,2
2023-10-18,2023-10-18,1
2023-10-18,2023-10-18,1
2023-10-18,2023-10-18,1
2023-10-18,2023-10-18,1
2023-10-18,2023-10-18,1
2023-10-18,2023-10-18,1
2023-10-18,2023-10-19,2
2023-10-19,2023-10-19,1
2023-10-19,2023-10-19,1
2023-10-19,2023-10-19,1
2023-10-19,2023-10-19,1
2023-10-19,2023-10-19,1
2023-10-19,2023-10-19,1
2023-10-19,2023-10-19,1
2023-10-19,2023-10-20,2
2023-10-20,2023-10-20,1
2023-10-20,2023-10-20,1
2023-10-20,2023-10-20,1
2023-10-20,2023-10-20,1
2023-10-20,2023-10-20,1
2023-10-20,2023-10-20,1
2023-10-20,2023-10-21,2
2023-10-21,2023-10-21,1
2023-10-21,2023-10-21,1
2023-10-21,2023-10-21,1
2023-10-21,2023-10-21,1
2023-10-21,2023-10-21,1
2023-10-21,2023-11-01,12
2023-11-01,2023-11-01,1
2023-11-01,2023-11-01,1
2023-11-01,2023-11-02,2
2023-11-02,2023-11-02,1
2023-11-02,2023-11-02,1
2023-11-02,2023-11-02,1
2023-11-02,2023-11-03,2
2023-11-03,2023-11-03,1
2023-11-03,2023-11-03,1
2023-11-03,2023-11-04,2
2023-11-04,2023-11-04,1
2023-11-04,2023-11-05,2
2023-11-05,2023-11-05,1
2023-11-05,2023-11-05,1
2023-11-05,2023-11-12,8
2023-11-12,2023-11-16,5
2023-11-16,2023-11-16,1
2023-11-16,2023-11-16,1
2023-11-16,2023-11-16,1
2023-11-16,2023-11-16,1
2023-11-16,2023-11-16,1
2023-11-16,2023-11-16,1
2023-11-16,2023-11-16,1
2023-11-16,2023-11-16,1
2023-11-16,2023-11-16,1
2023-11-16,2023-11-16,1
2023-11-16,2023-11-16,1
2023-11-16,2023-11-16,1
2023-11-16,2023-11-16,1
2023-11-16,2023-11-16,1
2023-11-16,2023-11-16,1
2023-11-16,2023-11-16,1
2023-11-16,2023-11-16,1
2023-11-16,2023-11-16,1
2023-11-16,2023-11-16,1
2023-11-16,2023-11-16,1
2023-11-16,2023-11-17,2
2023-11-17,2023-11-17,1
2023-11-17,2023-11-17,1
2023-11-17,2023-11-17,1
2023-11-17,2023-12-08,22
2023-12-08,2023-12-08,1
2023-12-08,2023-12-08,1
2023-12-08,2023-12-20,13
2023-12-20,2023-12-20,1
2023-12-20,2023-12-31,12
